Business Name,Status,Address,City/State/Zip,Taxpayer ID,Location #,Permit Begin,Permit End
WILDEWILDEWEB,INACTIVE,812 W COURT AVE,"FORT DAVIS, TX 79734",32019042277,00002,07/01/2006,10/31/2006
"""OLD STUFF""",INACTIVE,702 E CEMETERY RD,"FORT DAVIS, TX 79734",32005874576,00002,12/19/2003,12/31/2011
"""WOK N' ROLL""",INACTIVE,1300 N STATE ST,"FORT DAVIS, TX 79734",32044306424,00001,06/27/2013,07/01/2015
A & J SERVICES,INACTIVE,400 E CAVALRY RD,"FORT DAVIS, TX 79734",32003323477,00001,03/01/2001,03/31/2002
AA MARKETING,INACTIVE,72 JUNIPER DR,"FORT DAVIS, TX 79734",32029974105,00001,06/01/1999,06/01/2000
ACTS 2 DESIGN,INACTIVE,2001 N STATE ST UNIT C,"FORT DAVIS, TX 79734",32053218551,00001,11/22/2019,06/30/2024
ACUENERGETICS,INACTIVE,HIGH LONESOME RD,"FORT DAVIS, TX 79734",32026979438,00001,01/05/1990,12/31/1998
ADOBE HACIENDA GALLERY,INACTIVE,#1 ADOBE CEMETERY RD(1MILE E ON CEMETERY ROAD),"FORT DAVIS, TX 79734",32008419403,00003,09/01/2005,12/01/2008
AGRI-SCRAPES,INACTIVE,131 N LARGENT RANCH RD,"FORT DAVIS, TX 79734",32046277201,00002,01/01/2011,12/31/2011
AGRICULTURAL DEVELOPMENT ENGINEERS,INACTIVE,LYMPIA CANYON TRAIL-DMR,"FORT DAVIS, TX 79734",30004002926,00001,05/01/1981,12/31/1982
ALONG THE TRAIL ANTIQUES & GARDENS,ACTIVE,1504 N STATE STREET,"FORT DAVIS, TX 79734",32011314351,00002,07/15/2005,
"ALPINE AUTO PARTS, INC.",INACTIVE,206 N PAINTED TREES RD,"FORT DAVIS, TX 79734",17421885967,00024,05/19/2016,06/30/2021
ALVIN A JARRATT,INACTIVE,200 DOUGLAS,"FORT DAVIS, TX 79734",32029691337,00001,09/01/1961,02/01/1994
"ALVIN HUEY, THE PRUDE RANCH",INACTIVE,HIGHWAY 118,"FORT DAVIS, TX 79734",32019446965,00001,04/23/2006,03/31/2008
AMJ ENTERPRISE,INACTIVE,102 CROOKED OAK TRAIL,"FORT DAVIS, TX 79734",32010481631,00001,04/01/2001,12/25/2002
AMP AUTO PARTS & REPAIR,INACTIVE,109 CEMETARY RD,"FORT DAVIS, TX 79734",12006463553,00001,03/01/2004,03/31/2011
ANDY PRUDE WELL SERVICE,ACTIVE,NW FROM FT DAVIS ON HWY 118 5 MI TO RAN,"FORT DAVIS, TX 79734",32008567136,00001,07/02/1996,
ANITA'S HOUSE OF HEIRLOOMS,INACTIVE,8 BLKS WEST ON COURT AVE,"FORT DAVIS, TX 79734",32029920892,00001,03/01/1980,12/25/1985
ANOTHER ANGLE,INACTIVE,BLK 6 OLD FORT DAVIS ACRES,"FORT DAVIS, TX 79734",32027249054,00001,07/17/1993,12/31/1993
ANTIQUITES DES MONTAGNES MAGIQUES,INACTIVE,10 MI N OF FT DAVIS ON HWY 17 N,"FORT DAVIS, TX 79734",30003219380,00001,08/02/1977,12/31/1984
ANTOJITOS DEL COMAL SALVADORENO,ACTIVE,400 E COMMERCE ST,"FORT DAVIS, TX 79734",32087981513,00001,01/30/2023,
ANVIL AND APRON,ACTIVE,307 TOMAHAWK TRL,"FORT DAVIS, TX 79734",32099199559,00001,04/13/2025,
APACHE FEED & RANCH SUPPLY,INACTIVE,MAIN STREET-NEXT BLK FROM STONE VILLAGE,"FORT DAVIS, TX 79734",32005387413,00003,03/04/1983,11/19/1983
APCON,ACTIVE,201 OLDS CREEK DR,"FORT DAVIS, TX 79734",32054174753,00001,01/01/2013,
APPLEJACK'S,INACTIVE,7TH STATE STREET,"FORT DAVIS, TX 79734",32009584403,00004,10/01/1984,09/30/1986
ARGARD SERVICES,INACTIVE,HWY 118 SOUTH,"FORT DAVIS, TX 79734",32022123551,00001,10/15/1993,10/10/1999
ARIES MANAGEMENT SERVICES,ACTIVE,112 CRAZY HORSE TRL,"FORT DAVIS, TX 79734",32008567037,00002,01/01/2012,
ARIES MANAGEMENT SERVICES,INACTIVE,1428 CRAZY HORSE TRAIL,"FORT DAVIS, TX 79734",32008567037,00001,01/01/1996,03/31/2008
ART & PHOTOGRAPHY BY DIANE LACY,INACTIVE,NORTH HIGHWAY 17,"FORT DAVIS, TX 79734",32006789922,00001,11/01/1997,12/31/2009
ARTEFACTS,INACTIVE,HIGH MEADOW TRAIL DAVIS  MT RESORT,"FORT DAVIS, TX 79734",32005995660,00001,05/01/1998,12/31/1999
ARTHITECTURAL STAINED GLASS INC,ACTIVE,506 LIMPIA CANYON TRAIL,"FORT DAVIS, TX 79734",17524984279,00004,01/01/2000,
ASTRO CARDS,INACTIVE,PRUDE RANCH/HWY 118,"FORT DAVIS, TX 79734",32005951580,00001,05/17/1993,12/25/2021
ASTRONOMICAL INNOVATIONS,INACTIVE,PRUDE RANCH/HWY 118,"FORT DAVIS, TX 79734",32031468260,00001,05/17/1993,06/30/2001
ASTRONOMICALLY XENOGENIC ENTERPRISES (AXE),INACTIVE,PRUDE RANCH/HWY 118,"FORT DAVIS, TX 79734",32032223839,00001,05/17/1993,12/31/1993
ASTROSYSTEMS,INACTIVE,PRUDE RANCH/HWY 118,"FORT DAVIS, TX 79734",32006159258,00001,05/17/1993,12/25/2011
AUBREY LYNN,INACTIVE,109 N STATE ST,"FORT DAVIS, TX 79734",32056243564,00001,03/01/2015,07/01/2016
AUTHORHELPM4,ACTIVE,13 MILKY WAY,"MCDONALD OBS, TX 79734",32088667673,00001,03/01/2023,
AVRAM DUMITRESCU ILLUSTRATIONS,INACTIVE,812 WEST COURT AVE,"FORT DAVIS, TX 79734",32018421985,00002,07/01/2006,10/31/2006
AWARDS UNLIMITED,INACTIVE,201 OLDS CRK,"FORT DAVIS, TX 79734",32008387667,00003,01/01/2003,12/31/2012
BAEZA'S GENERAL STORE,INACTIVE,1600 NORTH STATE ST,"FORT DAVIS, TX 79734",17519387710,00001,04/01/1984,02/27/2008
BAEZA'S LIQUOR,INACTIVE,HWY 118 S S 1 1/10 MILE NE POST OFFICE,"FORT DAVIS, TX 79734",17519387710,00003,04/01/1984,03/31/1991
BEAR TRACK ENTERPRISES,INACTIVE,10 MI N OF FORT DAVIS ON 118,"FORT DAVIS, TX 79734",32015145116,00001,10/01/1987,09/30/1988
BEAR TRACK ENTERPRISES,INACTIVE,10 MI N OF FORT DAVIS ON 118,"FORT DAVIS, TX 79734",32015145116,00001,08/01/1997,12/01/1998
BEAR TRACK STUDIO,INACTIVE,25 MILES N OF FORT DAVIS ON HWY 118,"FORT DAVIS, TX 79734",32015145116,00003,06/02/2004,07/01/2006
BEATEA K,ACTIVE,409 N STATE ST,"FORT DAVIS, TX 79734",32061635499,00004,10/01/2019,
BEATEA K,INACTIVE,502 N STATE ST UNIT E,"FORT DAVIS, TX 79734",32061635499,00003,01/01/2017,09/30/2019
BEATEAK,INACTIVE,200 CEMETERY RD UNIT 3,"FORT DAVIS, TX 79734",32061635499,00002,12/01/2016,12/31/2016
BEAUFORT BAG COMPANY,INACTIVE,DAVIS ST BETWEEN 6TH AND 7TH STS,"FORT DAVIS, TX 79734",32024450739,00001,01/01/1995,06/30/1998
BELLA VISTA FLORAL DECOR & MORE,ACTIVE,1200 E CEMETERY RD,"FORT DAVIS, TX 79734",32082058432,00001,12/01/2021,
BENCOMO MOTORPORT GARAGE,INACTIVE,1/2 MI N COURTHOUSE ON W SIDE HWY 118,"FORT DAVIS, TX 79734",32008048293,00001,01/01/1985,12/31/2018
"BENCOMO MOTORPORT, LLC",ACTIVE,701 N STATE STREET,"FORT DAVIS, TX 79734",32068991416,00001,01/01/2019,
BERGMANN ENTERPRISES,INACTIVE,407 GARRISON ST,"FORT DAVIS, TX 79734",32013571701,00001,12/01/2003,01/25/2023
BERTA'S  FIESTA GIFT SHOP,INACTIVE,502 N STATE ST UNIT E,"FORT DAVIS, TX 79734",32073184932,00001,02/10/2020,
BEVRA,INACTIVE,SOUTHEAST ADD 5 HOUSE,"FORT DAVIS, TX 79734",32009127419,00001,09/01/1999,12/25/2009
BIG BEND AUTO SOUND & SECURITY,INACTIVE,5 HIGHWAY 118 NORTH,"FORT DAVIS, TX 79734",32026786494,00002,08/01/1999,09/01/1999
BIG BEND AUTO SOUND AND SECURITY,INACTIVE,HIGHWAY 118 16 MILES NORTH OF FORT DAVIS,"FORT DAVIS, TX 79734",32026786494,00001,03/01/1993,12/31/1994
BIG BEND BOOKS,INACTIVE,103 N STATE ST,"FORT DAVIS, TX 79734",32051366477,00001,07/01/2013,01/01/2018
BIG BEND BURGER COMPANY,INACTIVE,1300 N STATE ST,"FORT DAVIS, TX 79734",32070484327,00001,05/20/2019,12/31/2019
BIG BEND TELEVISION,INACTIVE,HWY 17 & COURT ST,"FORT DAVIS, TX 79734",17521037956,00002,07/01/1986,12/31/1987
BIG BEND TELEVISION,INACTIVE,-----,"FORT DAVIS, TX 79734",30008556547,00002,01/01/1986,06/30/1986
BIG BEND TELEVISION INC,INACTIVE,THIRD & CHERRY,"FORT DAVIS, TX 79734",17521037956,00003,01/01/1988,09/30/1989
BIG BEND TRAILERS,ACTIVE,17257 STATE HIGHWAY 166,"FORT DAVIS, TX 79734",30118926515,00001,08/10/2006,
BILL CHAPPELL WESTERN ART GALLERY,INACTIVE,1 1/2 BLKS NE COURTHOUSE E/S HWY 17N,"FORT DAVIS, TX 79734",32006712486,00001,08/28/1992,03/31/2005
BILLY G WAGGONER,INACTIVE,200 WALNUT,"FORT DAVIS, TX 79734",32004651710,00001,04/15/2002,06/01/2002
BLOOMINGBRIARTS,INACTIVE,308 S BENTLEY DR,"FORT DAVIS, TX 79734",32057055462,00001,05/01/2015,10/21/2019
BLOYS BOOKS,INACTIVE,WEBSTER & 2ND,"FORT DAVIS, TX 79734",32028530999,00001,03/20/1997,01/01/2001
BLUE AGATE ROCKS & GIFTS,INACTIVE,603A STATE ST,"FORT DAVIS, TX 79734",32012262518,00001,10/01/2003,08/31/2004
BLUE AGATE ROCKS & GIFTS,INACTIVE,409 N STATE ST STE A,"FORT DAVIS, TX 79734",32009340673,00002,11/01/2003,06/30/2014
BLUE AGATE ROCKS & GIFTS,INACTIVE,301 THOMPSON TRAIL,"FORT DAVIS, TX 79734",32009340673,00001,09/01/2002,09/30/2003
BLUE MOUNTAIN BISTRO,INACTIVE,111 N STATE ST,"FORT DAVIS, TX 79734",17526733955,00010,12/31/2011,04/30/2017
BLUE MOUNTAIN BISTRO,INACTIVE,111 N STATE ST,"FORT DAVIS, TX 79734",32062206548,00003,01/17/2017,03/31/2017
BLUE MOUNTAIN BISTRO,ACTIVE,108 N STATE ST,"FORT DAVIS, TX 79734",32062206548,00002,01/17/2017,
BLUE MOUNTAIN DINER,INACTIVE,310 MAIN ST,"FORT DAVIS, TX 79734",32029308908,00001,12/15/1997,08/30/2000
BLUE MOUNTAIN WINES,INACTIVE,HWY 166,"FORT DAVIS, TX 79734",17602978375,00001,10/01/2001,03/31/2006
"BOARFOOT LIMITED, LLC",ACTIVE,106 HIGH LONESOME TRL,"FORT DAVIS, TX 79734",32094233494,00001,04/25/2024,
BOOKFELLER,INACTIVE,209 STATE ST,"FORT DAVIS, TX 79734",32014298130,00005,11/30/2006,12/31/2011
BRANDON-TWEEDY PROPERTY,INACTIVE,TEXAS HIGHWAY 17/118,"FORT DAVIS, TX 79734",32025654909,00002,08/01/1991,04/01/1994
BRASS BOOT GUNSHOP,INACTIVE,HWY 17,"FORT DAVIS, TX 79734",32021857365,00001,05/01/1991,01/01/1994
BRENDA J HUDSON,INACTIVE,102 LOW MEADOW,"FORT DAVIS, TX 79734",32010118324,00003,01/01/2004,12/31/2004
BRENDA J HUDSON,INACTIVE,201 TOMAHAWK TRAIL,"FORT DAVIS, TX 79734",32010118324,00002,01/01/2002,12/31/2003
BRISBIN CONSTRUCTION CO,INACTIVE,HWY 17 N,"FORT DAVIS, TX 79734",32029305128,00001,05/17/1976,12/31/1997
BROKEN ARROW OUTFIT,INACTIVE,DELORES MOUNTAIN,"FORT DAVIS, TX 79734",32026371057,00001,08/01/1993,12/31/1997
BROOKS MOBILE READY MIX SALES & SERVICE,INACTIVE,204 TOMPSON TRAIL,"FORT DAVIS, TX 79734",32015859211,00001,10/16/2004,01/01/2006
BUCKS BUSTED BOARDS,INACTIVE,208 CIRCLE D AVE,"FORT DAVIS, TX 79734",32030016961,00001,10/01/2014,10/01/2016
BUCKS UNLIMITED PLUS,INACTIVE,105 CAVALRY RD,"FORT DAVIS, TX 79734",32028197732,00002,07/01/2000,12/20/2001
BUCKS UNLIMITED PLUS,INACTIVE,HWY 118 NORTH HOUSE #7,"FORT DAVIS, TX 79734",32028197732,00001,06/01/1991,06/30/2000
BUFFALO BENTLEY'S LLC,ACTIVE,236 GRANT DR,"FORT DAVIS, TX 79734",32097446283,00001,12/01/2024,
BURKMAN PHOTOGRAPHY,INACTIVE,305 SQUAW VALLEY,"FORT DAVIS, TX 79734",32013983369,00004,02/01/2007,09/01/2007
BURRITO INN,INACTIVE,1200 N STATE ST,"FORT DAVIS, TX 79734",32010481896,00002,03/07/2004,01/31/2005
BUSY BEE CANDIES,INACTIVE,100 N SGT GONZALES DR,"FORT DAVIS, TX 79734",32014981925,00002,11/01/2008,12/25/2015
BUSY BEE CANDY,INACTIVE,200 N STATE STREET,"FORT DAVIS, TX 79734",32029792010,00001,08/01/2007,02/29/2008
BUTTER FIELD'S,INACTIVE,MAIN STREET,"FORT DAVIS, TX 79734",32009584403,00002,03/01/1983,09/30/1989
BUTTERFIELD INN,INACTIVE,MAIN STREET,"FORT DAVIS, TX 79734",30114366195,00001,10/01/1989,10/01/1989
BUTTERFIELD INN,INACTIVE,HWY 17,"FORT DAVIS, TX 79734",32029521278,00001,07/01/1997,05/29/2002
BUTTERFIELD INN,INACTIVE,HIGHWAY 17,"FORT DAVIS, TX 79734",32027786311,00001,10/01/1989,06/30/1997
BUTTERFIELD INN COTTAGES AND GIFT SHOP,INACTIVE,201 STATE ST,"FORT DAVIS, TX 79734",32006307659,00001,06/14/2002,09/30/2007
BUTTERFIELD MAIN ST COTTAGES,ACTIVE,201 N STATE ST,"FORT DAVIS, TX 79734",32070523694,00004,05/01/2022,
BUTTERFIELD'S GIFT SHOP,INACTIVE,201 STATE STREET,"FORT DAVIS, TX 79734",32014981925,00001,05/01/2004,06/30/2007
C & L SERVICES,INACTIVE,200 URQUHART AVE #1,"FORT DAVIS, TX 79734",32041193445,00001,02/10/2010,12/31/2011
C AND K SALES AND SERVICES,ACTIVE,100 ESPY,"FORT DAVIS, TX 79734",32092526196,00001,11/19/2023,
C D R I VISITORS COMPLEX,ACTIVE,HWY 118,"FORT DAVIS, TX 79734",12373932040,00003,05/05/1984,
CACTUS FOUNTAIN STUDIO,ACTIVE,205 N STATE ST,"FORT DAVIS, TX 79734",32076472490,00005,02/01/2022,
CAFFE.NET LLC,ACTIVE,102 W 6TH ST,"FORT DAVIS, TX 79734",32004169572,00001,02/01/2002,
CALVERT ELECTRIC,INACTIVE,735 S FRONT ST,"FORT DAVIS, TX 79734",32008398318,00005,06/01/2005,02/01/2008
CALVERT ELECTRIC,INACTIVE,HC 74 BOX 105,"FORT DAVIS, TX 79734",32008398318,00004,04/01/1999,05/31/2005
CAMP DAVIS RV PARK LLC,ACTIVE,43424 STATE HIGHWAY 17 S,"FORT DAVIS, TX 79734",32098094181,00001,05/23/2025,
CAMP MUSQUIZ,INACTIVE,,"FORT DAVIS, TX 79734",17414888853,00001,07/01/1964,12/31/1981
CANDY,INACTIVE,400 N STATE ST,"FORT DAVIS, TX 79734",32053526607,00001,04/01/2014,12/25/2017
CAPRON ART,INACTIVE,COURT ST,"FORT DAVIS, TX 79734",32031677746,00004,01/01/1989,01/01/1994
CAPRON STUDIOS,INACTIVE,2 MI N E ON BALMORHEA HWY 17,"FORT DAVIS, TX 79734",32031677746,00002,01/01/1986,05/18/1987
CAPRON STUDIOS,INACTIVE,5 MI ON KENT HWY ACROSS FROM PRUDE RANCH,"FORT DAVIS, TX 79734",32031677746,00001,08/14/1983,12/31/1985
CARLTON R EVANS KNIVES,INACTIVE,201 RIDGELINE DR,"FORT DAVIS, TX 79734",32014407673,00003,01/01/2007,01/01/2008
CAROL B MCKNIGHT,INACTIVE,MCDONALD OBSERVATION #15,"FORT DAVIS, TX 79734",32024980909,00003,01/01/1980,12/31/1980
CAROL D CROOK,INACTIVE,HWY 118 N / MCDONALD OBSERVATORY,"FORT DAVIS, TX 79734",32022495421,00001,01/01/1998,12/31/2001
CAROLYN S PALIT,INACTIVE,SIXTH ST AND WOODWARD HWY 17,"FORT DAVIS, TX 79734",32020445352,00001,07/15/1991,12/31/1991
CARROLL'S CREATIONS,INACTIVE,HWY 118 N-PRUDE RANCH,"FORT DAVIS, TX 79734",32031543435,00003,05/21/1995,05/21/1995
CARROLL'S CREATIONS,INACTIVE,HWY 118 N-PRUDE RANCH,"FORT DAVIS, TX 79734",32031543435,00001,05/08/1994,05/08/1994
CASA MANO PRIETO,INACTIVE,229 MANO PRIETO RD,"FORT DAVIS, TX 79734",32040147962,00002,10/01/2009,12/31/2018
CASSIOPEIA DESIGNS,INACTIVE,802 LONGHORN DR,"FORT DAVIS, TX 79734",32014464054,00001,02/14/2004,12/25/2005
CDJ,INACTIVE,1 HILLCREST DR,"FORT DAVIS, TX 79734",17424454076,00003,01/01/1998,12/31/2010
CELEBR8 CONVENIENCE WINE & SPIRITS,ACTIVE,604 N STATE ST,"FORT DAVIS, TX 79734",32045170530,00004,02/01/2018,
CELEBR8 CONVENIENCE WINE & SPIRITS,ACTIVE,606 N STATE ST,"FORT DAVIS, TX 79734",32080917340,00001,01/01/2022,
CELEBR8 CONVENIENCE WINE & SPIRITS,ACTIVE,604 N STATE ST,"FORT DAVIS, TX 79734",32080917340,00002,01/01/2022,
CELEBR8 CONVENIENCE WINE & SPIRITS,ACTIVE,606 N STATE ST,"FORT DAVIS, TX 79734",32045170530,00003,02/01/2018,
CHARLIE'S RANCH KITCHEN,INACTIVE,HWY 118 N,"FORT DAVIS, TX 79734",39000013209,00001,02/01/1995,10/01/1995
CHATEAU WRIGHT AND BLUE MOUNTAIN TRAIL VINEYARD,INACTIVE,125 BLUE MOUNTAIN TRL,"FORT DAVIS, TX 79734",32001620049,00001,10/01/2016,04/30/2025
CLAY B TIPPIT,INACTIVE,103 CAPTAIN COONEY,"FORT DAVIS, TX 79734",32013946341,00003,12/01/2005,12/04/2015
CLAY B TIPPIT,INACTIVE,300 E DOUGLAS DR,"FORT DAVIS, TX 79734",32013946341,00002,07/19/2004,11/30/2005
CLAY B TIPPIT,INACTIVE,303 SGT MULHERN LOOP,"FORT DAVIS, TX 79734",32013946341,00001,01/01/2004,12/31/2004
COBOS CHEVRON,INACTIVE,118 S COURT,"FORT DAVIS, TX 79734",32028130808,00001,04/01/2001,03/15/2002
COBOS CHEVRON,INACTIVE,SH HWY 118 COURT,"FORT DAVIS, TX 79734",32028896606,00002,10/01/1999,03/31/2001
COBOS FT DAVIS CHEVRON,INACTIVE,MAIN & COURT HOUSE ST,"FT DAVIS, TX 79734",32007441952,00005,04/01/2002,06/01/2002
COFFEE BEANS & RAWHIDE,INACTIVE,109 STATE ST,"FORT DAVIS, TX 79734",12027033914,00001,12/03/2005,12/31/2008
COMBINED SCIENTIFIC SUPPLIES,INACTIVE,END OF TOMAHAWK TRAIL,"FORT DAVIS, TX 79734",32032232855,00001,07/06/1976,01/31/2000
COMBINED SCIENTIFIC SUPPLIES,INACTIVE,ENF OF TOMAHAWK TRAIL-DAVIS MT RESORT,"FORT DAVIS, TX 79734",32006817483,00001,01/01/2000,12/31/2005
"COME & TAKE IT BBQ, LLC",INACTIVE,501 E MUSQUIZ DR,"FORT DAVIS, TX 79734",32056561668,00001,03/01/2015,12/16/2015
COMPASS ELECTRICAL SERVICES,INACTIVE,300 PONDER RANCH RD,"FORT DAVIS, TX 79734",32040601968,00002,10/01/2010,04/30/2013
COMPUTER SERVICES,INACTIVE,101 BUCKBOARD PASS,"FORT DAVIS, TX 79734",32015923413,00001,10/01/2004,01/31/2008
CONKLIN/FASTRACK,INACTIVE,HIGHWAY 18 NORTH FT DAVIS,"FORT DAVIS, TX 79734",32007538310,00001,10/22/1993,12/25/2003
CONNER STEVENS SURVEYING,ACTIVE,18072 STATE HIGHWAY 166,"FORT DAVIS, TX 79734",32007234209,00001,08/24/2015,
COOL WATER TROPICAL FISH,INACTIVE,MAIN ST @OVERLAND TRAIL CAMP GROUND,"FORT DAVIS, TX 79734",32029553412,00001,03/14/1997,06/21/1997
COUNTRY CORNER,INACTIVE,HWY 17,"FORT DAVIS, TX 79734",30009010403,00001,03/09/1985,12/31/1989
COUNTRY CORNER,INACTIVE,HWY 17 S E ADDITION,"FORT DAVIS, TX 79734",30009010403,00003,01/01/1990,01/01/1992
COUNTRY STORE & RV PARK,INACTIVE,205 TOMAHAWK TRL,"FORT DAVIS, TX 79734",18106054812,00001,07/04/2003,08/31/2011
COW CAMP COMPANIES,INACTIVE,410 COURT STREET,"FORT DAVIS, TX 79734",17418216556,00003,07/01/1994,06/30/2003
CRANE FINA,INACTIVE,1100 S GASTON,"CRANE, TX 79734",32010365594,00001,11/18/1989,01/11/1990
CRAVEN INVESTMENTS,INACTIVE,107 MUSQUIZ DR,"FORT DAVIS, TX 79734",32041867683,00001,06/01/2010,04/30/2011
CREATIONS AND STYLE,INACTIVE,43845 STATE HIGHWAY 17,"FORT DAVIS, TX 79734",32042679830,00001,10/01/2010,12/31/2012
CREATIVE COUSINS,INACTIVE,502 N STATE ST STE G,"FORT DAVIS, TX 79734",32014981925,00003,10/15/2018,12/31/2021
CROW'S NEST TRAILER PARK,INACTIVE,18 MILE WEST OF FT DAVIS ON 166 HWY,"FORT DAVIS, TX 79734",30009010593,00001,01/01/1985,06/30/1987
CROW'S NEST TRAILER PARK,INACTIVE,18 MI WEST OF FORT DAVIS ON FM166,"FORT DAVIS, TX 79734",30010593488,00001,07/01/1987,12/31/1992
CROWS CREEK RENTAL LLC,ACTIVE,503 E MUSQUIZ,"FORT DAVIS, TX 79734",32087695360,00001,01/01/2025,
CROWS NEST TRAILER PARK,INACTIVE,HWY 166,"FORT DAVIS, TX 79734",30001882486,00001,05/01/1973,12/31/1984
CUEVA DE LEON,INACTIVE,HWY 17,"FORT DAVIS, TX 79734",32030861390,00003,01/01/1994,12/31/1994
CUEVA DE LEON,INACTIVE,NORTH HIGHWAY 17,"FORT DAVIS, TX 79734",32030861390,00001,04/01/1978,12/31/1993
CUEVA DE LEON RESTAURANT,INACTIVE,HWY 17,"FORT DAVIS, TX 79734",32009149801,00003,01/01/1995,06/30/2023
CUEVA FORT DAVIS,INACTIVE,611 N STATE ST,"FORT DAVIS, TX 79734",32088179018,00001,08/01/2023,
CUSTOM WREATHS & CREATIVE DECOR,ACTIVE,103 THOMPSON TRL,"FORT DAVIS, TX 79734",32095755875,00001,07/04/2024,
CUT LOOSE,INACTIVE,6TH AND MAIN ST,"FORT DAVIS, TX 79734",32025204986,00001,07/01/1997,06/30/1999
DAPHNE ANN HALLAS TSP,INACTIVE,PRUDE RANCH/HWY 118,"FORT DAVIS, TX 79734",32032450614,00001,05/17/1993,12/31/1999
DAVID CHANDLER COMPANY,INACTIVE,PRUDE RANCH,"FORT DAVIS, TX 79734",32032235833,00001,05/01/1995,02/01/1999
DAVID LESTER OHLSEN,INACTIVE,"1RST HOUSE ON RIGHT MCGUINE RIDGE, DAVIS MT RESORT","FORT DAVIS, TX 79734",32010182965,00001,07/26/1999,12/31/2013
DAVIS MOUNTAIN BROOM SHOP,INACTIVE,409 STATE ST,"FORT DAVIS, TX 79734",32061305994,00002,10/01/2018,09/30/2023
DAVIS MOUNTAIN BROOM SHOP,INACTIVE,401 STATE ST,"FORT DAVIS, TX 79734",32061305994,00001,10/01/2016,09/30/2018
DAVIS MOUNTAIN BROOMS,INACTIVE,401 STATE ST,"FORT DAVIS, TX 79734",32018401623,00001,11/01/2005,12/31/2015
DAVIS MOUNTAIN FIREWORKS,INACTIVE,1/8 MI N OF I-118 & 17 ON HWY 17,"FORT DAVIS, TX 79734",32006844321,00001,06/28/1996,05/14/2009
DAVIS MOUNTAIN NUT COMPANY,ACTIVE,510 N STATE STREET,"FORT DAVIS, TX 79734",32009514814,00004,01/01/1996,
DAVIS MOUNTAIN ORGANIC BEEF L L C,INACTIVE,1000 CEMETERY ROAD,"FT DAVIS, TX 79734",32003606996,00001,01/01/2002,10/05/2004
DAVIS MOUNTAIN RV PARK,ACTIVE,43125 STATE HIGHWAY 17,"FORT DAVIS, TX 79734",32038463835,00004,04/01/2020,
DAVIS MOUNTAIN RV PARK,INACTIVE,43073 N STATE HIGHWAY 17,"FORT DAVIS, TX 79734",32038463835,00003,04/01/2019,03/31/2020
DAVIS MOUNTAINS COMMUNITY HEADQUARTERS,INACTIVE,TOMAHAWK TRAIL DAVIS MOUNTAINS RESORT,"FORT DAVIS, TX 79734",30116415255,00001,01/01/1995,03/03/2002
DAVIS MOUNTAINS EDUCATION CENTER INC,INACTIVE,501 E MUSQUIZ DR,"FORT DAVIS, TX 79734",17523890642,00001,01/01/2001,12/31/2011
DAVIS MOUNTAINS INN,INACTIVE,43417 STATE HIGHWAY 17,"FORT DAVIS, TX 79734",32040048434,00001,08/06/2009,12/31/2010
DAVIS MOUNTAINS LOG HOMES,INACTIVE,DOLORES MTN,"FORT DAVIS, TX 79734",32026634199,00001,07/01/1987,01/31/1995
DAVIS MOUNTAINS RESORT,INACTIVE,31 PECOS ST,"FORT DAVIS, TX 79734",14309544469,00002,07/12/1971,09/30/1971
DAVIS MOUNTAINS ROCK SHOP,ACTIVE,601 N STATE ST,"FORT DAVIS, TX 79734",32020681055,00003,08/01/2019,
DAVIS MOUNTAINS STATE PARK,ACTIVE,16453 PARK ROAD 3,"FORT DAVIS, TX 79734",17416803728,00041,01/01/2004,
DAVIS MOUNTAINS WINES INC,INACTIVE,HIGH MEADOWS 25 MI W ON HWY 118,"FORT DAVIS, TX 79734",30004002926,00002,05/01/1981,12/25/1985
DAVIS MTN AVIATION & RESTORATION,INACTIVE,HIGHWAY 17 NORTH,"FORT DAVIS, TX 79734",32010557117,00001,03/01/1991,12/31/2001
DAWN'S MANE ATTRACTION,INACTIVE,603B STATE ST,"FORT DAVIS, TX 79734",32040962857,00002,10/18/2013,12/25/2015
DAWN'S MANE ATTRACTION,INACTIVE,603 STATE ST # B,"FORT DAVIS, TX 79734",32040962857,00001,03/01/2010,12/31/2011
DECOR ON THE GO,INACTIVE,41 COURT AVE,"FORT DAVIS, TX 79734",32026586803,00001,09/15/1995,06/30/1996
DESERT GUIDE SERVICE AND TAXIDERMY,INACTIVE,501 KELLY RANCH RD,"FORT DAVIS, TX 79734",32046062645,00002,01/01/2017,12/31/2018
DESERT ROSE,INACTIVE,MAIN ST,"FORT DAVIS, TX 79734",32019230864,00001,03/23/1991,09/01/1992
DESERT ROSE,INACTIVE,HWY 17,"FORT DAVIS, TX 79734",32008218094,00001,08/15/2000,12/31/2004
"DESERT TAXIDERMY, LLC",ACTIVE,906 CEMETERY RD,"FORT DAVIS, TX 79734",32069701509,00002,10/01/2021,
DESERT WILLOW ENTERPRISES,INACTIVE,309 STATE STREET,"FORT DAVIS, TX 79734",32024838347,00001,03/17/2007,12/31/2009
DILLARD MECHANICAL,INACTIVE,311 N FRONT ST,"FORT DAVIS, TX 79734",32030061926,00003,04/01/2008,12/31/2008
DILLARD MECHANICAL,INACTIVE,311 NORTH FRONT ST,"FORT DAVIS, TX 79734",32030061926,00002,10/01/2007,03/31/2008
DIRECT LINE RESOURCES,INACTIVE,PRUDE RANCH HIGHWAY 118,"FORT DAVIS, TX 79734",32032010004,00003,05/20/1996,05/20/1996
DMR COUNTRY STORE,INACTIVE,HWY 166 DAVIS MT RESORT,"FORT DAVIS, TX 79734",17419890086,00005,07/01/1980,07/31/1988
DOGGONE GOODIES,ACTIVE,807 WEBSTER AVE,"FORT DAVIS, TX 79734",32088716041,00001,04/15/2023,
DOMINGUEZ CHEVRON,INACTIVE,E SIDE IH 118 & 17,"FORT DAVIS, TX 79734",32023655296,00001,10/01/1971,12/31/1977
DONNA S TRAMMELL,INACTIVE,301 THOMPSON TRAIL,"FORT DAVIS, TX 79734",30118098885,00003,07/01/2002,07/01/2002
DOUG MORELAND,INACTIVE,206 MADRONE ST,"FORT DAVIS, TX 79734",32007586509,00002,04/01/2018,12/31/2024
DR WATSON CLUB,INACTIVE,210 N FRONT ST,"FORT DAVIS, TX 79734",32018547391,00001,02/25/2005,02/23/2006
DURAN HEALTH PRODUCTS,INACTIVE,LIMPIA CREEK NORTH HWY 17,"FORT DAVIS, TX 79734",32032155023,00001,07/01/1996,03/31/2000
EAGLE OPTICS,INACTIVE,HIGHWAY 118 @PRUDE RANCH,"FORT DAVIS, TX 79734",32022307998,00001,04/21/1998,04/21/1998
EARTH ART,INACTIVE,CORNER OF BOURASSA GULCH AND SQUAWVALLEY,"FORT DAVIS, TX 79734",32008769062,00002,08/15/1992,12/31/2010
EARTH ART POTTERY,INACTIVE,100 CRAZY HORSE TRL,"FORT DAVIS, TX 79734",32010667221,00008,01/20/2012,12/25/2013
EARTH ART POTTERY,INACTIVE,104 CHANCELLOR CYN,"FORT DAVIS, TX 79734",32010667221,00007,01/01/2010,12/25/2010
EARTH ART POTTERY,INACTIVE,205 TOMAHAWK TRL,"FORT DAVIS, TX 79734",32010667221,00006,01/01/2008,12/31/2009
EDWARDS & ASSOCIATES,INACTIVE,1 MILE SOUTH OF FORT DAVIS,"FORT DAVIS, TX 79734",17427534726,00002,08/01/1991,06/30/1992
EDWARDS AND ASSOCIATES,INACTIVE,10 MILES WEST OF FORT DAVIS,"FORT DAVIS, TX 79734",17427534726,00001,04/01/1991,07/31/1991
EL CERRO BOOKS,INACTIVE,1 BLK EAST OF HWY 17,"FORT DAVIS, TX 79734",32029424655,00002,04/01/1979,12/25/1999
EL OCOTILLO,INACTIVE,202 N SGT GONZALES,"FORT DAVIS, TX 79734",32090382097,00001,06/01/2023,07/12/2023
EL OCOTILLO,INACTIVE,202 SGT GONZALES,"FORT DAVIS, TX 79734",32091575806,00001,10/01/2023,12/31/2023
ELSIE VOIGT,INACTIVE,STATE HIGHWAY 166 17 MI W OF FORT DAVIS,"FORT DAVIS, TX 79734",32022293487,00001,07/04/1987,07/01/1988
ERNHART ENTERPRISES,INACTIVE,1 JOHNSON LN,"FORT DAVIS, TX 79734",32031300737,00003,06/20/1997,12/25/1999
ESSENTIAL KITCHEN COMPLEMENTS,INACTIVE,229 MANO PRIETO RD,"FORT DAVIS, TX 79734",32040147962,00003,11/28/2012,12/31/2014
FAMILY DOLLAR #30487,ACTIVE,107 E MUSQUIZ DR,"FORT DAVIS, TX 79734",32038973395,01042,07/01/2013,
FAR OUT WEST,INACTIVE,104 LT GIBBONS,"FORT DAVIS, TX 79734",32040047477,00001,09/07/2009,04/01/2010
FAR OUT WEST EVENTS LLC,INACTIVE,201 VICTORIO TRL,"FORT DAVIS, TX 79734",32088967164,00001,08/25/2023,12/31/2024
FARRIER HOUSE,INACTIVE,HWY 17 NORTH 2 BLKS FROM PO,"FORT DAVIS, TX 79734",32028661281,00002,07/01/1993,09/04/1995
FAYME II HAIR DESIGN,INACTIVE,PO BOX 951,"FORT DAVIS, TX 79734",32022519089,00003,01/01/1984,06/30/1984
FAYME II HAIR DESIGNS,INACTIVE,DUMAS BLDG HWY 17,"FORT DAVIS, TX 79734",32022519089,00002,04/14/1983,12/25/1986
FISHER HILL GALLERY,INACTIVE,HIGHWAY 17,"FORT DAVIS, TX 79734",17426564112,00001,03/01/1993,07/31/2000
FLOWER BOX,INACTIVE,407 N STATE STREET,"FORT DAVIS, TX 79734",32006680469,00003,07/01/2007,08/20/2008
FLOWER BOX,INACTIVE,220 PAISANO DR,"FORT DAVIS, TX 79734",32006680469,00002,05/16/2003,06/30/2007
FLOWER BOX,INACTIVE,MAIN STREET,"FORT DAVIS, TX 79734",32006680469,00001,09/13/1999,12/31/2002
FORT BLISS FLOWER SHOP,INACTIVE,FT BLISS EXCHANGE,"FT BLISS, TX 79734",19528901762,00002,08/01/1974,06/30/1978
FORT DAVID VETERINARY SERVICES,INACTIVE,43441 STATE HIGHWAY 17,"FORT DAVIS, TX 79734",17525218685,00004,04/01/2007,03/31/2018
FORT DAVIS ASTRONOMICAL SUPPLY,INACTIVE,SOUTH FRONT STREET,"FORT DAVIS, TX 79734",32031924999,00002,01/01/1993,09/30/1993
FORT DAVIS ASTRONOMICAL SUPPLY,INACTIVE,HWY 17,"FORT DAVIS, TX 79734",32031924999,00001,10/15/1991,01/01/1993
FORT DAVIS AUCTION COMPANY,ACTIVE,HWY 118 AT CROSSROAD,"FORT DAVIS, TX 79734",32007728762,00004,05/05/1997,
FORT DAVIS AUTO PARTS,INACTIVE,HIGHWAY 17,"FORT DAVIS, TX 79734",32009514814,00002,01/01/1985,02/26/2004
FORT DAVIS AUTO PARTS,INACTIVE,CORNER MAIN & COURTHOUSE,"FORT DAVIS, TX 79734",17421885967,00003,04/01/1984,12/31/1984
FORT DAVIS CAFE,INACTIVE,1300 N STATE ST,"FORT DAVIS, TX 79734",32057728985,00002,01/01/2016,04/30/2016
FORT DAVIS CHAMBER OF COMMERCE,ACTIVE,#4 MEMORIAL SQUARE,"FORT DAVIS, TX 79734",12374221781,00002,10/01/2004,
FORT DAVIS CHEVRON,INACTIVE,HIWAY 17 ACROSS FROM COURTHOUSE,"FORT DAVIS, TX 79734",32009514814,00003,02/10/1994,06/25/1999
FORT DAVIS COMMUNCATIONS,INACTIVE,WESTSIDE MAIN STREET,"FORT DAVIS, TX 79734",30009328268,00001,10/01/1987,09/30/1988
"FORT DAVIS COW CAMP, LLC",ACTIVE,110 N CATCLAW,"FORT DAVIS, TX 79734",32036643487,00004,11/01/2021,
FORT DAVIS DRUG,INACTIVE,MAIN STREET ON HWY 17,"FORT DAVIS, TX 79734",32027282311,00004,07/01/1981,02/28/1985
FORT DAVIS DRUG STORE,INACTIVE,HWY 17 & MAIN ST,"FORT DAVIS, TX 79734",32020920016,00002,01/30/1988,03/20/1991
FORT DAVIS DRUG STORE,INACTIVE,MAIN STREET ON HWY 17,"FORT DAVIS, TX 79734",32020920016,00001,02/25/1985,06/30/1987
FORT DAVIS DRUG STORE,INACTIVE,MAIN ST ON HWY 17,"FORT DAVIS, TX 79734",32024127774,00001,04/01/1978,06/30/1981
FORT DAVIS DRUG STORE,INACTIVE,MAIN ST ON HWY 17,"FORT DAVIS, TX 79734",30010574371,00001,08/01/1987,03/18/1988
FORT DAVIS DRUG STORE & HOTEL,INACTIVE,113 N STATE ST,"FORT DAVIS, TX 79734",32043664138,00002,01/01/2016,08/31/2019
FORT DAVIS DRUG STORE AND HOTEL,INACTIVE,113 STATE ST,"FORT DAVIS, TX 79734",32043664138,00001,03/09/2011,06/30/2015
FORT DAVIS DRUG STORE AND OLD TEXAS INN,INACTIVE,HWY 17 SOUTH,"FORT DAVIS, TX 79734",32010639147,00002,01/04/1999,09/30/2007
FORT DAVIS DRUGSTORE RESTAURANT AND HOTEL,INACTIVE,111 N STATE ST,"FORT DAVIS, TX 79734",32070523694,00001,06/24/2019,05/01/2022
"FORT DAVIS DRUGSTORE, LLC",INACTIVE,113 STATE ST,"FORT DAVIS, TX 79734",32039792505,00001,09/10/2009,10/31/2009
FORT DAVIS ESTATES,INACTIVE,3 MI S OF FORT DAVIS ON HWY 118,"FORT DAVIS, TX 79734",17424244709,00001,01/01/1987,12/30/1995
FORT DAVIS FEED AND SUPPLY,INACTIVE,HWY 17 N,"FORT DAVIS, TX 79734",32031769535,00001,01/02/1998,09/30/1998
FORT DAVIS FIREARMS,ACTIVE,43335 STATE HIGHWAY 118,"FORT DAVIS, TX 79734",32087368281,00001,05/01/2023,
FORT DAVIS FLOWER & GIFT SHOP,INACTIVE,H HWY 118 AND 17,"FORT DAVIS, TX 79734",32031941910,00001,05/01/1994,04/01/1999
FORT DAVIS FLOWER & GIFT SHOP,INACTIVE,540 N STATE ST,"FORT DAVIS, TX 79734",32005786895,00001,06/15/2002,05/31/2003
FORT DAVIS FLOWER AND GIFT SHOP,INACTIVE,HIGHWAY 118 NORTH,"FORT DAVIS, TX 79734",32005874576,00001,04/01/1999,06/21/2002
FORT DAVIS FLOWER SHOP,INACTIVE,HWY 17/118 N,"FORT DAVIS, TX 79734",32028700675,00001,11/16/1988,03/27/1994
FORT DAVIS INN,INACTIVE,207 COURT STREET,"FORT DAVIS, TX 79734",32027242893,00001,06/01/1983,12/25/1986
FORT DAVIS MERCANTILE,INACTIVE,510 N STATE ST,"FORT DAVIS, TX 79734",32004837285,00007,04/01/2017,06/30/2017
FORT DAVIS MERCANTILE,INACTIVE,400 N STATE ST,"FORT DAVIS, TX 79734",32004837285,00008,07/01/2017,07/01/2018
FORT DAVIS NATIONAL HISTORIC SITE,ACTIVE,BALMORHEA HWY,"FORT DAVIS, TX 79734",18601070495,00001,10/01/1965,
FORT DAVIS OUTFITTERS LLC,INACTIVE,601 CEMETARY RD,"FORT DAVIS, TX 79734",32047335990,00001,03/23/2012,08/01/2022
FORT DAVIS PIZZA & BAKERY,INACTIVE,HWY 17,"FORT DAVIS, TX 79734",32027644809,00001,08/01/1991,11/30/1991
FORT DAVIS PIZZA & BAKERY,INACTIVE,HWY 17,"FORT DAVIS, TX 79734",17523471112,00003,05/13/1991,05/31/1991
FORT DAVIS STABLES,INACTIVE,120 N PAINTED TREES RD,"FORT DAVIS, TX 79734",32040315023,00001,09/05/2009,06/30/2010
FORT DAVIS STABLES,INACTIVE,120 N. PAINTED TREES ROAD,"FORT DAVIS, TX 79734",32036740754,00001,04/15/2008,09/04/2009
FORT DAVIS STATE BANK,INACTIVE,100 S STATE ST,"FORT DAVIS, TX 79734",17406298103,00003,04/01/2003,12/25/2014
FORT DAVIS VETERINARY SERVICES PLLC,ACTIVE,43441 STATE HIGHWAY 17 S,"FORT DAVIS, TX 79734",32066331623,00001,04/01/2018,
FORT DAVIS WOODWORKING,INACTIVE,112 ARABELLA,"FORT DAVIS, TX 79734",32010522541,00001,01/01/2000,12/31/2009
FOSSIL+FOLK LLC,INACTIVE,210 WOODWARD AVE,"FORT DAVIS, TX 79734",32096004109,00001,08/10/2024,03/31/2025
FOUR ANGELS,INACTIVE,HWY 118,"FORT DAVIS, TX 79734",32022947942,00001,06/01/1996,09/30/1996
FRIENDS OF THE JEFF DAVIS COUNTY LIBRARY,INACTIVE,100 MEMORIAL SQ,"FORT DAVIS, TX 79734",32031455465,00001,08/15/2022,03/07/2024
FRONTIER BOOK CO,INACTIVE,ON RANCH DAVIS MTS,"FORT DAVIS, TX 79734",32025540082,00001,12/01/1961,12/25/1986
FRONTIER BURGER,INACTIVE,1300 N STATE ST,"FORT DAVIS, TX 79734",32045445445,00001,12/01/2011,06/30/2012
FRONTIER FOTO,INACTIVE,5 1/2 BLOCKS E OF CO. COURTHOUSE,"FORT DAVIS, TX 79734",32004009661,00001,12/15/2001,05/01/2005
FT DAVIS COMMUNITY COUNTRY STORE,INACTIVE,205 TOMAHAWK,"FORT DAVIS, TX 79734",32010158528,00002,05/01/2002,06/30/2002
FT DAVIS DRUG STORE & OLD TEXAS INN,INACTIVE,113 STATE ST,"FORT DAVIS, TX 79734",32033937734,00001,10/22/2007,10/31/2009
FT DAVIS DRUGSTORE AND OLD TEXAS INN,INACTIVE,THE DRUGSTORE AND OLD TEXAS INN,"FORT DAVIS, TX 79734",17523720609,00001,03/25/1991,12/31/1998
FT DAVIS PHARMACY,INACTIVE,200 MAIN STREET,"FORT DAVIS, TX 79734",32026528243,00005,10/01/1991,01/21/1992
FT DAVIS STABLES,INACTIVE,120 N PAINTED TREE RD,"FORT DAVIS, TX 79734",32027278574,00001,07/06/2010,07/01/2012
FT DAVIS STAMP CO,INACTIVE,DAVIS & 6TH ST,"FORT DAVIS, TX 79734",32028160508,00005,04/01/1983,06/30/1990
FT DAVIS STAMP-A-STAR,INACTIVE,DAVIS AND 6TH STREET,"FORT DAVIS, TX 79734",32028979964,00001,04/01/1990,12/31/1996
FT DAVIS TOOL SHARPENING & REPAIRS,INACTIVE,MAIN ST FOUNTAIN BLEAU RV PARK,"FORT DAVIS, TX 79734",32022564101,00004,02/01/1996,08/31/1996
FT DAVIS TRADING POST,INACTIVE,206 S MUSQUIZ DR,"FORT DAVIS, TX 79734",39000013209,00002,03/01/2002,12/31/2003
FT DAVIS TROPICAL SNO CONCESSIONS,INACTIVE,N HWY 17 INT W/SCENIC LOOP N,"FORT DAVIS, TX 79734",30008048339,00002,05/01/1988,01/01/1992
FT DAVIS TROPICALSNO CONCESSIONS,INACTIVE,N HWY 17 INTERSECTION W/SCENIC LOOP N,"FORT DAVIS, TX 79734",30008048339,00001,06/01/1986,12/31/1987
FT DAVIS VETERINARY SERVICES,INACTIVE,43411 HIGHWAY 17 SOUTH,"FORT DAVIS, TX 79734",17525218685,00003,01/01/2002,03/31/2007
FT DAVIS VETERINARY SERVICES,INACTIVE,HWY 17 SOUTH,"FORT DAVIS, TX 79734",17525218685,00002,06/01/1996,12/31/2001
FT DAVIS VETERINARY SERVICES,INACTIVE,RED BARN RANCH HWY 17SOUTH,"FORT DAVIS, TX 79734",17525218685,00001,11/12/1991,06/01/1996
G AUTOMOTIVE,ACTIVE,101 N STATE ST,"FORT DAVIS, TX 79734",32030379849,00001,01/01/2020,
G P & S SECURITY,INACTIVE,GONZALEZ AVE SE ADDITION END OF STREET,"FORT DAVIS, TX 79734",32032547419,00008,01/01/1990,07/15/1998
GALERIA ESPERANZA,INACTIVE,601 STATE ST,"FT DAVIS, TX 79734",32019706764,00001,03/01/2007,09/29/2007
GARDEN STATE MINI RANCH,ACTIVE,100 OLDS CREEK DR,"FORT DAVIS, TX 79734",32046405984,00001,06/01/2017,
"GARLACK CONSTRUCTION COMPANY, LLC",INACTIVE,800 EAST CEMETERY ROAD,"FORT DAVIS, TX 79734",32038067446,00001,11/01/2008,01/31/2009
GC CREATIONS INC,INACTIVE,5232 OVERLAND TRAIL,"FORT DAVIS, TX 79734",17523987083,00002,01/01/1997,12/25/1999
GISERAM PARTY RENTALS,INACTIVE,203 COMPROMISE ST,"FORT DAVIS, TX 79734",32063247939,00001,04/22/2017,12/31/2018
GLASSCOCK VINEYARDS INC,INACTIVE,124 CANTERBURY HILL,"FORT DAVIS, TX 79734",17418728618,00001,06/30/1977,06/30/1977
GLENN I JACOBS,INACTIVE,HWY 118 NORTH - PRUDE RANCH,"FORT DAVIS, TX 79734",32021315844,00002,05/13/1996,05/13/1996
GLENN JACOBS TSP,INACTIVE,PRUDE RANCH/HWY 118,"FORT DAVIS, TX 79734",32021315844,00001,05/17/1993,05/19/1993
GRANNY'S CLOSET,INACTIVE,PRUDE RANCH,"FORT DAVIS, TX 79734",32009818066,00001,01/01/1988,12/31/2020
GROOMINGDALE'S,INACTIVE,100 FRONT,"FORT DAVIS, TX 79734",32028906843,00001,09/01/1995,12/31/1999
GROUND CONTROL,INACTIVE,1300B N STATE ST,"FORT DAVIS, TX 79734",32046405877,00001,03/01/2012,06/30/2012
GULF OBSERBVATORY STATION,INACTIVE,STATE HIGHWAY #17 PO BOX 783,"FORT DAVIS, TX 79734",17413411665,00001,09/01/1961,03/31/1981
GUNSLINGERS,INACTIVE,HWY 17 1/2 MILE S ELEMENTARY SCHOOL,"FORT DAVIS, TX 79734",32028124728,00001,08/01/1998,10/08/1998
H & H CONCESSIONS,INACTIVE,3RD HOUSE FROM HWY 117 ON GRANT DRIVE,"FORT DAVIS, TX 79734",32022779758,00001,07/01/1995,12/31/2001
H E SPROUL RANCH,INACTIVE,1900 SPROUL ROAD,"FORT DAVIS, TX 79734",32010726456,00002,02/27/2004,06/30/2020
HARVARD HOTEL,ACTIVE,109 N STATE ST,"FORT DAVIS, TX 79734",18303604203,00001,03/24/2008,
HBC HIGGINBOTHAM BARTLETT,INACTIVE,330 E DOUGLAS DRIVE,"FORT DAVIS, TX 79734",32033405336,00014,06/01/2008,03/31/2023
HEADQAUTERS,INACTIVE,111 N STATE ST,"FORT DAVIS, TX 79734",32083974769,00001,11/01/2022,07/01/2023
HEAVENLY SKIES,INACTIVE,603A N STATE ST,"FORT DAVIS, TX 79734",32040610597,00001,01/18/2010,09/20/2010
HEBERT'S CABOOSE ICE CREAM SHOP,INACTIVE,1250B N STATE ST,"FORT DAVIS, TX 79734",32050950651,00001,05/22/2013,04/30/2024
HEBERT'S HEIRLOOMS & RESALE,ACTIVE,1250-B STATE HIGHWAY 118,"FORT DAVIS, TX 79734",32049129813,00001,10/01/2012,
HERMAN ROTHMAN,INACTIVE,5230 KESTER AVE # 1,"FORT DAVIS, TX 79734",32021295988,00001,05/08/1994,05/08/1994
HIGGINBOTHAM-BARLETT BUILDING CENTER,INACTIVE,300 E DOUGLAS DR,"FORT DAVIS, TX 79734",13645086342,00036,11/26/2003,12/31/2004
HIGGINBOTHAM-BARTLETT,INACTIVE,330 E DOUGLAS DR,"FORT DAVIS, TX 79734",17528312295,00100,02/01/2008,05/31/2008
HIGGINBOTHAM-BARTLETT,INACTIVE,300 E DOUGLAS DR,"FORT DAVIS, TX 79734",17528312295,00092,01/01/2005,05/31/2008
HIGH COUNTRY ELECTRIC,INACTIVE,400 E CAVALRY RD,"FORT DAVIS, TX 79734",32008919915,00001,04/01/2002,12/25/2004
HIGH COUNTRY HOME & GARDEN,INACTIVE,HIGHWAY 17 NORTH,"FORT DAVIS, TX 79734",17527274546,00001,07/01/2000,09/30/2004
HIGH COUNTRY NURSERY,INACTIVE,HWY 17 NORTH,"FORT DAVIS, TX 79734",32029348110,00001,10/01/1981,06/30/2000
HIGH DESERT CONSTRUCTION L.L.P.,INACTIVE,424 SOUTH GRANADO,"FORT DAVIS, TX 79734",13523394099,00001,06/16/2008,09/30/2009
HIGH DESERT CONSTRUCTION LLC,INACTIVE,424 GRANADO DR,"FORT DAVIS, TX 79734",32040472972,00001,10/01/2009,03/31/2014
HIGH DESERT ENTERPRISES,INACTIVE,311 HIGH LONESOME TRAIL DAVIS MTN RESORT,"FORT DAVIS, TX 79734",32031692513,00001,04/01/1998,12/31/1998
HIGH DESERT PUBLISHING COMPANY,INACTIVE,601 NORTH MILITARY DRIVE,"FORT DAVIS, TX 79734",32010085689,00003,11/01/2011,12/31/2015
HIGH DESERT SPAS,INACTIVE,205 TOMAHAWK TRL LOT E,"FORT DAVIS, TX 79734",32026441298,00001,08/01/2011,06/30/2012
HIGH FRONTIER,ACTIVE,1164 HIGH FRONTIER RD,"FORT DAVIS, TX 79734",32079365642,00001,06/01/2022,
HIGH LONESOME OPTICS,INACTIVE,NW OF HWY 166 IN DAVIS MOUNTAINS,"FORT DAVIS, TX 79734",30115261957,00001,03/01/1992,01/01/2000
HIGHLAND CONCRETE CO,INACTIVE,5 MILES N HWY 17 FROM X OF HWYS 17/118,"FORT DAVIS, TX 79734",17421341078,00008,06/01/1990,06/28/1991
HIGHLAND CONCRETE COMPANY,INACTIVE,1/2 MI N HWY 17 INT W/HWY 17 AND HWY 118,"FORT DAVIS, TX 79734",17421341078,00006,09/01/1986,07/31/1988
HIGHLAND HEREFORD CAFE,INACTIVE,105 E MUSQUIZ,"FORT DAVIS, TX 79734",32081721923,00001,02/01/2022,09/30/2023
HOME,INACTIVE,107 TEJANO CANYON DR,"FORT DAVIS, TX 79734",32015940649,00004,01/01/2021,12/31/2024
HONEY BUCKER SERVICES,INACTIVE,217 SGT GONZALES,"FORT DAVIS, TX 79734",32053034818,00001,01/01/2014,12/25/2021
HONEY BUCKET,INACTIVE,HC 74 BOX 25,"FORT DAVIS, TX 79734",32007179081,00001,10/27/1999,09/17/2013
HONEYCOMB VARIETY & VIDEO,INACTIVE,DAVIS AND SIXTH ST,"FORT DAVIS, TX 79734",32010359431,00001,02/01/1995,12/31/1996
HONEYCOMB VARIETY & VIDEO STORE,INACTIVE,301 DAVIS ST,"FORT DAVIS, TX 79734",32010359431,00002,07/01/1998,
HOTEL LIMPIA,INACTIVE,MAIN ST ON THE SQUARE,"FORT DAVIS, TX 79734",32021314243,00002,01/01/1991,06/30/1991
HOTEL LIMPIA,INACTIVE,101 MEMORIAL SQUARE,"FORT DAVIS, TX 79734",17526733955,00009,10/13/2011,04/30/2017
HOTEL LIMPIA DINING ROOM,INACTIVE,HWY 118 MAIN ST,"FORT DAVIS, TX 79734",32004421056,00001,03/08/2002,01/31/2005
HOUSEKEEPER,INACTIVE,220 PAISANO ACKLEY,"FORT DAVIS, TX 79734",32006680469,00004,04/02/2023,12/31/2023
HWY 118 CAFE,INACTIVE,HWY 118 SOUTH,"FORT DAVIS, TX 79734",32008389796,00001,10/09/1992,09/30/1998
I SEE ICE,INACTIVE,301 BLACKBEAR DR,"FORT DAVIS, TX 79734",32049224705,00002,07/01/2016,09/30/2016
ICUFOS,INACTIVE,103 COMANCHE TRL,"FORT DAVIS, TX 79734",32046151356,00001,01/01/2012,12/25/2018
INDIAN EMILY CAFE,INACTIVE,HWY 118 AND CEMETARY RD,"FORT DAVIS, TX 79734",32005194488,00002,10/02/1995,12/31/1999
INDIAN LODGE,ACTIVE,16453 PARK ROAD 3,"FORT DAVIS, TX 79734",17416803728,00040,01/01/2004,
INDUSTRIAL TELEPHONE,INACTIVE,APACHE PINES DIV #7,"FORT DAVIS, TX 79734",32009831069,00001,01/01/1996,06/30/2005
INSECTS INTERNATIONAL,INACTIVE,607 E TOMAHAWK TRL,"FORT DAVIS, TX 79734",32019706756,00001,01/01/2006,12/31/2008
IRONWOOD METAL DESIGN,INACTIVE,COMMACHE CREST,"FORT DAVIS, TX 79734",32006339140,00002,12/18/1995,12/31/2000
J AND B SNOCONES AND TREASURES,INACTIVE,1101 BLACKFOOT,"FORT DAVIS, TX 79734",32011248575,00001,04/20/2003,06/30/2003
J FLOWERS & MORE,INACTIVE,121 SGT GONZALES,"FORT DAVIS, TX 79734",32059300254,00001,02/01/2016,12/25/2017
J M T I,INACTIVE,HWY 17 1/2 MILE NORTH OF COURT HOUSE,"FORT DAVIS, TX 79734",32008652987,00001,10/15/1999,12/31/2000
J M T I,INACTIVE,501 BULLSNAKE LN,"FORT DAVIS, TX 79734",32008652987,00002,01/01/2001,12/25/2009
J R SMITH FINE ART,INACTIVE,108 1/2 DAVIS ST,"FORT DAVIS, TX 79734",32015263968,00002,01/01/2007,12/31/2010
J W EVANS EQUIPMENT INC,INACTIVE,S 118 3 M OUT OF FT DAVIS TOWARDS ALPINE,"FORT DAVIS, TX 79734",17424218307,00001,01/01/1987,08/31/1993
JACK RABBIT FEVER,INACTIVE,502 N STATE ST,"FORT DAVIS, TX 79734",32064114807,00001,07/01/2017,06/30/2018
JACQUELINE R ELLINGSEN,INACTIVE,HIGH COUNTRY HOME & GARDEN,"FORT DAVIS, TX 79734",32022472719,00001,11/01/2001,11/30/2001
JADA ENTERPRISES,INACTIVE,HWY 118 N,"FORT DAVIS, TX 79734",32023348959,00001,04/01/1991,12/31/1991
JAG WERKS,INACTIVE,ALAMO & 2ND AVE,"FORT DAVIS, TX 79734",17527674661,00001,06/01/1998,12/31/1998
JAGGER PHOTOGRAPHY,INACTIVE,1ST DIRT RD MARFA HWY,"FORT DAVIS, TX 79734",32008070073,00004,01/01/1991,12/31/1992
JAMES L SULLIVAN,INACTIVE,206 CIRCLE C DRIVE,"FORT DAVIS, TX 79734",32014391893,00007,01/01/2004,12/24/2004
JARRAT SEPTIC AND DRAIN,INACTIVE,470 E DOUGLAS DR,"FORT DAVIS, TX 79734",32052748392,00001,07/01/2015,03/31/2022
JARRATT BUILDING SUPPLY,INACTIVE,101 DOUGLAS DR,"FORT DAVIS, TX 79734",17525226795,00001,02/01/1994,04/01/2001
JARRATT BUILDING SUPPLY,INACTIVE,330 E DOUGLAS DR,"FORT DAVIS, TX 79734",17529286027,00001,04/01/2001,01/01/2004
"JARRATT DIRT WORK AND PAVING, INC.",ACTIVE,1147 DOUGLAS DR,"FORT DAVIS, TX 79734",17527300879,00001,02/09/1998,
JAVELINAS AND HOLLYHOCKS,INACTIVE,107 N STATE ST,"FORT DAVIS, TX 79734",17526733955,00012,09/01/2014,04/30/2017
JAVELINAS AND HOLLYHOCKS,ACTIVE,107 N STATE ST,"FORT DAVIS, TX 79734",32062206548,00004,04/01/2017,
JAVELINAS AND HOLLYHOCKS,ACTIVE,107 N STATE ST,"FORT DAVIS, TX 79734",32070523694,00002,01/24/2022,
JAVELINAS AND HOLLYHOCKS,INACTIVE,108 N STATE ST,"FORT DAVIS, TX 79734",17526733955,00008,10/13/2011,08/31/2014
JEE'S GIFTS,INACTIVE,100 EVERETT RANCH RD,"FORT DAVIS, TX 79734",32008680517,00005,01/01/2013,12/31/2022
JEFF DAVIS COUNTY HUMANE SOCIETY,ACTIVE,510 STATE STREET HWY 17,"FORT DAVIS, TX 79734",18205861745,00001,01/06/2004,
JERRY FALKNER,ACTIVE,701 RATTLESNAKE LN,"FORT DAVIS, TX 79734",32011652495,00001,06/12/2003,
JESSI'S CAFE,INACTIVE,118 E CEMETARY RD,"FORT DAVIS, TX 79734",32030720588,00001,10/01/1995,10/01/1995
"JIM GILMORE DIESEL SERVICE, LLC",ACTIVE,830 SPROUL RD STE 2168,"FORT DAVIS, TX 79734",32045399162,00002,01/02/2024,
JIM HARRELL-RANCH PAINTERS,INACTIVE,#10 FRONT STREET,"FORT DAVIS, TX 79734",32009337133,00001,01/30/2001,12/31/2004
JJ'S KNIF & BLADE SHARPNING,INACTIVE,733 S FRONT ST,"FORT DAVIS, TX 79734",32052942177,00001,02/01/2014,06/01/2014
JOE WILLIAMS,INACTIVE,HWY 17 17 MI N OF FORT DAVIS,"FORT DAVIS, TX 79734",32007340436,00002,07/01/1996,12/25/2004
JOE'S BOOKS,INACTIVE,209-C STATE ST,"FORT DAVIS, TX 79734",32014298130,00003,01/01/2005,07/22/2005
JOE'S BOOKS/FT DAVIS BOOK CO,INACTIVE,302 STATE HYW 17 SOUTH,"FORT DAVIS, TX 79734",32014298130,00004,07/22/2005,12/31/2006
JON'S CABOOSE ICE CREAM SHOP AND MORE,INACTIVE,1250C N STATE ST,"FORT DAVIS, TX 79734",32091651573,00001,10/01/2023,08/31/2025
JUST BECAUSE...GIFT BASKETS & MORE,INACTIVE,601 NORTH STREET,"FORT DAVIS, TX 79734",32030720588,00002,03/01/2013,06/12/2015
KB'S BAR-B-Q,INACTIVE,100 N MAIN ST,"FORT DAVIS, TX 79734",32030138633,00001,11/04/2000,03/31/2002
KB'S BAR-B-QUE,INACTIVE,407 STATE HWY 118,"FORT DAVIS, TX 79734",32018458912,00001,11/01/2005,09/30/2007
KC'S COUNTRY KITCHEN,INACTIVE,HWY 17 AND CEMETERY RD,"FORT DAVIS, TX 79734",32029350199,00001,03/07/1994,10/28/1994
KCHISOS ENTERPRISES,INACTIVE,13 OLDS CREEK DR,"FORT DAVIS, TX 79734",32006515228,00002,04/01/2000,09/15/2000
KEVIN VALENTINE,ACTIVE,105 BOURASSA TRL,"FORT DAVIS, TX 79734",32101496498,00001,08/06/2025,
KIMBALL BUSINESS SERVICES,INACTIVE,301 EMORY OAK ST,"FORT DAVIS, TX 79734",32016469374,00001,01/01/2005,06/30/2009
KITCO VENTURE,INACTIVE,#2 BUCKBOARD PASS,"FORT DAVIS, TX 79734",32006710662,00010,01/01/1997,12/31/2001
KITTY JO ALLISON,INACTIVE,735 N FRONT ST # 466,"FORT DAVIS, TX 79734",32019310591,00004,03/01/2013,12/31/2022
KITTY JO SIBAYAN,INACTIVE,208 APACHE MOUNTAIN TRL,"FORT DAVIS, TX 79734",32019310591,00003,01/01/2008,02/28/2013
KNOLLWOOD BOOKS,INACTIVE,PRUDE RANCH/HWY 118,"FORT DAVIS, TX 79734",13917198544,00001,05/17/1993,12/31/1997
KOKIRI'S COTTAGE,INACTIVE,42665 STATE HIGHWAY 118,"FORT DAVIS, TX 79734",32045370643,00001,03/03/2011,12/25/2021
KRAFTERS KORNER,INACTIVE,5TH AND STATE STREETS,"FORT DAVIS, TX 79734",30114442343,00001,04/13/1992,10/08/1993
KRISTI D HUFFMAN,INACTIVE,101 CAPTAIN LEE,"FORT DAVIS, TX 79734",32017979405,00002,08/20/2005,02/28/2010
LA CABANA DRESS SHOPS,INACTIVE,DUMAS BLDG MAIN STREET,"FORT DAVIS, TX 79734",17211460146,00002,02/01/1990,02/28/1991
LA CASITA DRIVE INN,INACTIVE,WEST SECOND & TEXAS HWY 17,"FORT DAVIS, TX 79734",32029825489,00002,03/28/1987,09/30/1988
LAJITAS STABLES FT DAVIS,INACTIVE,#1 PAINTED HORSE LANE,"FT DAVIS, TX 79734",32010359258,00003,03/01/2004,04/15/2008
LAJITAS STABLES/POTTERY,INACTIVE,#2 PAINTED HORSE LANE,"FORT DAVIS, TX 79734",32010359258,00004,10/01/2005,04/15/2008
LARRY DONALDSON CPA,ACTIVE,HILLCREST CEMETERY ROAD,"FORT DAVIS, TX 79734",32010643917,00003,01/01/1995,
LARRY DONALDSON CPA,INACTIVE,FONTAINEBLEAU MALL NO 3,"FORT DAVIS, TX 79734",32010643917,00001,01/15/1994,01/01/1995
LARRY W SWINNEA,INACTIVE,300 6TH STREET,"FORT DAVIS, TX 79734",32030274768,00003,07/01/1990,09/30/1992
LASHAWN'S,INACTIVE,"HILLCREST CEMETERY ROAD, BOX 148","FORT DAVIS, TX 79734",32014234762,00001,01/31/2004,12/31/2008
LEJEUNE DESIGNS,INACTIVE,504 TOMAHAWK TRL,"FORT DAVIS, TX 79734",32019540312,00003,01/01/2016,12/31/2022
LIMPIA CREEK CUSTOM HATS LLC,INACTIVE,604 N STATE ST,"FORT DAVIS, TX 79734",17316450166,00001,09/01/2004,09/30/2009
LIMPIA CREEK HAT CO,INACTIVE,1204 MAIN ST,"FORT DAVIS, TX 79734",17525579466,00001,03/01/2000,09/30/2004
LIMPIA CREEK HAT COMPANY,INACTIVE,1204 MAIN ST,"FORT DAVIS, TX 79734",17525366757,00001,02/02/1994,02/29/2000
LIMPIA CREEK HATS LLC,INACTIVE,701 RATTLESNAKE LN STE A,"FORT DAVIS, TX 79734",32044962952,00001,09/01/2011,07/31/2022
LIMPIA CROSSING COLLECTION,INACTIVE,400 STATE ST,"FORT DAVIS, TX 79734",32008200381,00003,04/01/2000,12/15/2003
LIMPIA GIFTS,INACTIVE,111 N STATE ST,"FORT DAVIS, TX 79734",17526733955,00007,10/13/2011,04/30/2017
LIMPIA SOUND,INACTIVE,105 RIDGE LINE DR,"FORT DAVIS, TX 79734",32038208065,00001,11/01/2008,12/25/2012
LINDA E REAY,INACTIVE,HC 74 BOX 173,"FORT DAVIS, TX 79734",32010380551,00002,01/01/1999,12/25/2003
LINDY C SEVERNS @ OLD SPANISH TRAIL STUDIO,INACTIVE,401 CROWS NEST RD,"FORT DAVIS, TX 79734",32026754666,00001,05/01/2007,05/31/2025
LINEAUS ATHLETIC COMPANY,INACTIVE,COMPROMISE AND MILITARY STREET,"FORT DAVIS, TX 79734",32006774171,00002,09/30/1991,07/31/2003
LIPPE'S AIR CONDITION & REFRIG,INACTIVE,501 CEMETERY RD,"FORT DAVIS, TX 79734",32006771490,00007,07/01/2002,04/21/2006
LIPPE'S AIR CONDITION & REFRIG,INACTIVE,MANO PRIETO ESTATES LOT 2,"FORT DAVIS, TX 79734",32006771490,00005,07/01/1994,06/30/2002
LISA J HANKS,INACTIVE,HWY 17 / MAIN ST OR HWY 17,"FORT DAVIS, TX 79734",32006372091,00002,02/29/2000,02/17/2001
LITTLE BIT O' TEXAS,INACTIVE,1 MI E OF POST OFFICE HWY 17 MAIN ST,"FORT DAVIS, TX 79734",32008680517,00001,05/05/1987,12/31/1988
LITTLE BIT O'TEXAS FLOWERS & GIFTS,INACTIVE,EAST MAIN STREET - HWY 117,"FORT DAVIS, TX 79734",32029528406,00004,12/03/1988,10/01/1990
"LONG GRASS OUTFITTERS, LLC",INACTIVE,42880 B HIGHWAY 118,"FORT DAVIS, TX 79734",10304877979,00003,05/10/2013,12/31/2021
LORRAINE R CARR,INACTIVE,545 PAISANO DR,"FORT DAVIS, TX 79734",32015961116,00001,10/07/2004,12/25/2007
LOWE'S MARKET #177,ACTIVE,712 N STATE ST,"FORT DAVIS, TX 79734",17515744815,00233,11/29/2023,
LUCI'S KITCHEN,INACTIVE,411 STATE ST,"FORT DAVIS, TX 79734",32016347604,00001,11/22/2004,02/28/2013
LUPITA'S,INACTIVE,502 CEMETARY RD,"FORT DAVIS, TX 79734",32016138789,00003,10/01/2010,12/31/2010
LUPITA'S,INACTIVE,502 CEMETARY RD,"FORT DAVIS, TX 79734",32016138789,00001,11/01/2004,09/30/2005
LUPITA'S PLACE,INACTIVE,506 CEMENTARY RD,"FORT DAVIS, TX 79734",32016138789,00002,09/07/2006,07/31/2012
LUPITA'S PLACE,INACTIVE,700 NORTH STATE STREET,"FORT DAVIS, TX 79734",32016138789,00005,08/01/2012,09/30/2023
LUPITA'S PLACE LLC,ACTIVE,1912 STATE ST,"FORT DAVIS, TX 79734",32083005713,00001,10/01/2023,
LYON STUDIO WEST,INACTIVE,DAVIS MT RESORT,"FORT DAVIS, TX 79734",32025374714,00001,07/01/1992,12/31/1996
M & J PLUMBING,INACTIVE,DAVIS MOUNTAIN RESORT COLLEEN CANYON,"FORT DAVIS, TX 79734",32028259904,00001,01/01/1997,03/31/2000
MAC SEPTIC AND PORTA POTTIES,ACTIVE,100 EVERETT RANCH RD,"FORT DAVIS, TX 79734",32080657656,00001,08/01/2021,
MADDOG'S CANTINA,INACTIVE,107 MUSQUIZ DR,"FORT DAVIS, TX 79734",32058153563,00001,10/01/2015,12/31/2017
MADERA FEED & RANCH STORE,INACTIVE,HIGHWAY 18 & 3RD ST,"FORT DAVIS, TX 79734",30006456146,00001,11/21/1983,11/01/1986
MADRONA CREATION,INACTIVE,EAST DR,"FORT DAVIS, TX 79734",32022300977,00001,12/01/1992,12/30/2000
MADRONE SYSTEMS CORPORATION,INACTIVE,NO 2 YELLOW KNIFE COURT,"FORT DAVIS, TX 79734",17603102074,00001,03/01/1998,12/31/2004
MAGICAL BESOM,INACTIVE,406 SQUAW VALLEY,"FORT DAVIS, TX 79734",32010158528,00003,01/01/2003,01/01/2003
MAIN SEQUENCE,INACTIVE,"HC 75 BOX 1337-3/HWY 118N,HOUSE 3","FORT DAVIS, TX 79734",32032108519,00001,10/05/2000,01/01/2002
MAJORIE ERKKILA JEWELER ARTIST,ACTIVE,110 SQUAW VALLEY TRL,"FORT DAVIS, TX 79734",32005822427,00003,01/01/2016,
MARIA LEJEUNE,INACTIVE,504 TOMAHAWK TRL,"FORT DAVIS, TX 79734",32019540312,00002,01/01/2010,12/31/2012
MARIAN GRIFFITH,INACTIVE,NORTH MAIN,"FORT DAVIS, TX 79734",32032526116,00009,01/01/1986,10/31/1989
MARINESOFT,INACTIVE,THE PRUDE RANCH HIGHWAY 118,"FORT DAVIS, TX 79734",32041263867,00001,05/11/2010,06/30/2010
MARJORIE ERKKILA JEWELER ARTIST,INACTIVE,HC 74 BOX 73,"FORT DAVIS, TX 79734",32005822427,00002,10/15/2009,12/31/2015
MARK W BLACKLEY,INACTIVE,MCDONALD OBSERVATORY HWY 118 N,"FORT DAVIS, TX 79734",32031739702,00001,09/15/1990,06/30/1993
MARTIN TOOL DISTRIBUTOR,INACTIVE,MC DONALD OBSERVATORY,"FORT DAVIS, TX 79734",32032515614,00001,10/01/1984,09/30/1988
MARY LOU'S RESTAURANT,ACTIVE,201 E MUSQUIZ DR,"FORT DAVIS, TX 79734",32008389796,00003,01/01/2000,
MARY'S CRAFTS & GIFT SHOP,ACTIVE,515 S SGT GONZALES DR,"FORT DAVIS, TX 79734",32085650664,00001,09/01/2022,
MARY'S MINI PANCAKES & SWEETS,ACTIVE,515 S SGT GONZALES DR,"FORT DAVIS, TX 79734",32085650664,00002,09/01/2025,
MAS SOULEIADO,INACTIVE,102 GRASSY LN,"FORT DAVIS, TX 79734",32040720503,00001,12/10/2009,12/31/2010
MATT'S WORKSHOP,INACTIVE,206 SARGENT GONZALES,"FORT DAVIS, TX 79734",32008726690,00001,02/01/2001,03/31/2003
MCALLISTER DRILLING,INACTIVE,307 THOMPSON TRL,"FORT DAVIS, TX 79734",32041914535,00001,05/25/2010,12/31/2013
MCDANIEL FENCE & LANDSCAPE,INACTIVE,212 S SAN JUAN,"FORT DAVIS, TX 79734",32029553578,00002,07/11/2023,06/30/2025
MCDERMOTT SERVICES,INACTIVE,105 OLDS CREEK DR-LC,"FORT DAVIS, TX 79734",32019551749,00001,10/13/1997,04/01/2001
MCELROY RADIO REPEATER AND TOWER RENTAL,INACTIVE,WATER TOWER STREET,"FORT DAVIS, TX 79734",32010090218,00002,01/01/1986,10/31/2014
MCMILLEN WELLS & WELLS,INACTIVE,NORTH HIGHWAY 17,"FORT DAVIS, TX 79734",30116220374,00001,10/01/1993,01/31/1994
MILE HIGH SUPPLY,INACTIVE,1001 S BARREL SPGS,"FORT DAVIS, TX 79734",32049662979,00004,01/18/2017,12/31/2018
MILLER CONSTRUCTION,INACTIVE,MAIN STREET,"FORT DAVIS, TX 79734",32005157402,00001,01/01/1991,09/30/1996
MIRABILIA,INACTIVE,506 LIMPIA CANYON TRL,"FORT DAVIS, TX 79734",32006830346,00002,04/01/2002,02/05/2010
MOONLIGHT GEMSTONES,INACTIVE,HWY 118 N HOUSE 2 MCDONALD OBSERVATORY,"FORT DAVIS, TX 79734",32010256652,00002,01/01/1991,09/30/1993
MOORE AIRCRAFT SALES,INACTIVE,MAIN STREET,"FORT DAVIS, TX 79734",32009584403,00007,07/01/1988,09/30/1988
MOUNTAIN ARTS,INACTIVE,102 LOW MEADOW TRL,"FORT DAVIS, TX 79734",32010118324,00004,11/01/2009,06/01/2012
MOUNTAIN FLOWERS,INACTIVE,CORNER OF 6TH AND DAVIS,"FORT DAVIS, TX 79734",32026278310,00001,02/01/1983,11/22/1988
MOUNTAIN MAMA'S BOUTIQUE,INACTIVE,100 HIGH LONESOME TRL,"FORT DAVIS, TX 79734",32076864001,00001,01/01/2021,03/31/2022
MOUNTAIN TRAILS LODGE AND OUTDOOR LEARNING CENTER,INACTIVE,501 E MUSQUIZ DR,"FORT DAVIS, TX 79734",32043324824,00002,11/01/2012,12/31/2023
MOUNTAIN VIEW LODGE AND CAFE,INACTIVE,501 E MUSQUIZ,"FORT DAVIS, TX 79734",32091012297,00001,09/01/2023,05/31/2025
MOUNTAIN VIEW NURSERY,INACTIVE,HIGHWAY 118 S,"FORT DAVIS, TX 79734",32021448553,00001,01/01/1984,12/31/1991
MOUNTAINSIDE,INACTIVE,1 BLK BEHIND EXXON STATION,"FORT DAVIS, TX 79734",32009000970,00001,11/01/1984,09/30/1985
MOUNTAINSIDE ELECTRIC,INACTIVE,112 WEST THIRD,"FORT DAVIS, TX 79734",32009000970,00003,10/01/1985,12/31/2016
MOUNTAINSIDE INN,ACTIVE,400 W 4TH ST,"FORT DAVIS, TX 79734",32070523694,00005,07/01/2022,
MOUNTAINSIDE LIQUORS,INACTIVE,110 WEST THIRD,"FORT DAVIS, TX 79734",32009000970,00002,10/01/1985,09/30/2005
MURPHY'S PIZZA,INACTIVE,107 E MUSQUIZ DR,"FORT DAVIS, TX 79734",32059903941,00001,06/02/2015,06/02/2015
MURPHY'S PIZZA,INACTIVE,107 E MUSQUIZ DR,"FORT DAVIS, TX 79734",32060951566,00001,06/02/2015,06/02/2015
MURPHY'S PIZZA,INACTIVE,107 E MUSQUIZ DR,"FORT DAVIS, TX 79734",32045174169,00001,08/01/2011,12/31/2014
MURPHY'S PIZZA,INACTIVE,107 E MUSQUIZ DR,"FORT DAVIS, TX 79734",32055885142,00001,01/01/2015,06/02/2015
MURPHY'S PIZZARIA & CAFE,INACTIVE,107 MOSQUIZ DRIVE,"FORT DAVIS, TX 79734",17529427019,00002,08/01/2002,06/30/2006
MURPHY'S PIZZERIA & CAFE,INACTIVE,HIGHWAY 118 NORTH & HIGHWAY 17,"FORT DAVIS, TX 79734",17529427019,00001,12/01/2001,07/31/2002
MURPHY'S PIZZERIA & CAFE,INACTIVE,107 MUSQUIZ DR,"FORT DAVIS, TX 79734",32004421056,00004,06/01/2006,02/01/2009
MURPHYS PIZZA SUBS & PASTA,INACTIVE,107 E MUSQUIZ DR,"FORT DAVIS, TX 79734",32038812833,00001,02/01/2009,06/30/2011
"NANA'S HOMEMADE ENCHILADA SAUCE, LLC",ACTIVE,316 PAISANO DR,"FORT DAVIS, TX 79734",32095369396,00001,06/07/2024,
NATIONAL HISTORY MUSEUM-GIFT SHOP,INACTIVE,,"FORT DAVIS, TX 79734",32023085528,00002,07/01/1979,12/31/1983
NATIVE AMERICAN HERBS,INACTIVE,409 N STATE ST,"FORT DAVIS, TX 79734",32009340673,00003,01/15/2011,12/31/2019
NEWSLETTER PRESS,INACTIVE,CORNER OF DEER RUN AND COCHISE CANYON,"FORT DAVIS, TX 79734",32022183878,00002,01/01/1998,12/31/2001
NEWSLETTER PRESS,INACTIVE,HC 74 BOX 115,"FORT DAVIS, TX 79734",32022183878,00003,01/01/1998,12/30/2000
NEWSLETTER PRESS INC,INACTIVE,101 DEER RUN TRAIL,"FORT DAVIS, TX 79734",12600182419,00001,01/01/2002,12/31/2015
NO FENCES,INACTIVE,HWY 17,"FORT DAVIS, TX 79734",32023303921,00001,07/02/1994,12/31/1994
NO MORE JUNK,INACTIVE,501 E MUSQUIZ DR,"FORT DAVIS, TX 79734",32043324824,00001,01/01/2012,06/30/2012
NONE,INACTIVE,600 STATE ST,"FORT DAVIS, TX 79734",32069051723,00001,12/01/2018,03/31/2019
OA MERCANTILE,INACTIVE,@ 3 1/2 MILES HWY 17 NORTH,"FORT DAVIS, TX 79734",32008905823,00003,01/01/2000,12/31/2007
OA MERCANTILE,INACTIVE,@ 4 1/2 M HWY 118 N,"FORT DAVIS, TX 79734",32008905823,00002,02/01/1998,12/31/1999
OA MERCANTILE,INACTIVE,3-1/2 MILES HWY 17 NORTH,"FORT DAVIS, TX 79734",32008905823,00001,07/01/1996,02/01/1998
OFF THE WALL PHOTOS & ART,INACTIVE,526 SQUAW VALLEY,"FORT DAVIS, TX 79734",32005995660,00002,01/01/2000,12/31/2004
OLD FORT COUNTRY,INACTIVE,1250 N STATE ST #B,"FORT DAVIS, TX 79734",32015820213,00001,12/01/2004,11/07/2010
OLD SCHOOL HOUSE ART STUDIO GALLERY,INACTIVE,FRONT STREET,"FORT DAVIS, TX 79734",32027844920,00001,10/01/1995,12/31/1999
OLD SCHOOLHOUSE BED & BREAKFAST,INACTIVE,401 N FRONT ST,"FORT DAVIS, TX 79734",32001770919,00002,10/01/1999,09/30/2014
OLD SPANISH TRAIL GALLERY AND MUSEUM LLC,ACTIVE,401 CROWS NEST RD STE A,"FORT DAVIS, TX 79734",32060879742,00001,08/01/2016,
OLD TEXAS INN AND FORT DAVIS DRUGSTORE LLC,INACTIVE,113 N STATE ST,"FORT DAVIS, TX 79734",32057728985,00001,07/01/2015,12/31/2015
OLD TEXAS INN AND FORT DAVIS DRUGSTORE LLC,INACTIVE,113 N STATE ST,"FORT DAVIS, TX 79734",32047247112,00002,12/31/2015,12/31/2015
OLD WEST FEELING,INACTIVE,HWY 17 N,"FORT DAVIS, TX 79734",32028430323,00001,07/01/1992,09/30/1994
ON SITE DIGITAL,INACTIVE,57 MT LOCKE RD STE E,"MCDONALD OBS, TX 79734",32008535075,00003,07/06/2011,06/30/2022
ONE EYED DOG PHOTOGRAPHY,INACTIVE,891 RICON ROAD,"FORT DAVIS, TX 79734",32061051960,00001,10/15/2016,12/31/2016
OOPS! MERCANTILE,INACTIVE,HWY 17,"FORT DAVIS, TX 79734",32029577619,00001,05/01/1994,08/31/1995
OVERLAND NETWORK,INACTIVE,12 MAIN STREET,"FORT DAVIS, TX 79734",32008070073,00005,01/01/1993,12/31/2001
OVERLAND TRAIL ENTERPRISES,INACTIVE,310 N STATE ST,"FORT DAVIS, TX 79734",32010568791,00001,04/15/1997,12/31/2021
OVERLAND TRAIL HAIR SHOP,INACTIVE,608 STATE ST,"FORT DAVIS, TX 79734",32030717006,00002,11/01/2000,06/30/2002
OVERLAND TRAIL MUSEUM,ACTIVE,300 FORT STREET,"FORT DAVIS, TX 79734",30001318614,00001,04/04/1971,
P B M 3,INACTIVE,NO 1 OLDS CREEK DR LIMPIA CREEK,"FORT DAVIS, TX 79734",30115557925,00001,03/01/1994,09/21/1994
P B M 3 DBA LIMPIA CROSSING COLLECTION,INACTIVE,NO 1 OLDS CREEK DR LIMPIA CREEK,"FORT DAVIS, TX 79734",32008200381,00001,10/01/1994,03/31/2000
P C GALLERY,INACTIVE,3 MI SOUTH MCDONALD OBSERVATORY ON FM 118,"FORT DAVIS, TX 79734",32014407673,00002,01/01/2006,01/01/2008
PAFOOFNIK ENTERPRISES,INACTIVE,MCDONALD OBSERVATORY HOUSE #8,"FORT DAVIS, TX 79734",32010643107,00001,01/20/1988,03/31/2000
PAFOOFNIK ENTERPRISES,INACTIVE,103 COMANCHE TRL,"FORT DAVIS, TX 79734",32010643107,00002,04/01/2000,01/01/2022
PATRICIA R MILLER,INACTIVE,1 1/2 MI E 17 ON CEMETARY RD,"FORT DAVIS, TX 79734",32029424655,00001,07/13/1977,08/31/1978
PATTY'S MACHINE QUILTING,INACTIVE,17945 TX STATE HWY 166 #B,"FORT DAVIS, TX 79734",32014508603,00002,01/01/2007,12/31/2019
PICK UP AND GO,INACTIVE,HWY 118,"FORT DAVIS, TX 79734",32031478640,00001,10/01/1993,01/01/1994
PICK-UP AND GO,INACTIVE,HWY 118,"FORT DAVIS, TX 79734",30116122042,00001,05/12/1993,06/30/1993
PICTURE PEDDLERS,INACTIVE,1101 E CEMETERY RD,"FORT DAVIS, TX 79734",12744144655,00001,04/01/2011,12/04/2015
PINS AND NEEDLES,ACTIVE,250 MEDLEY RANCH RD,"FORT DAVIS, TX 79734",32083248206,00001,04/01/2022,
PJ'S STUDIO,INACTIVE,108 COLLEEN CANYON TRL,"FORT DAVIS, TX 79734",32010316845,00002,01/01/2009,12/25/2021
PMC123,INACTIVE,216 N PAINTED TREES RD,"FORT DAVIS, TX 79734",32029217042,00008,11/18/2013,04/11/2016
POCO MEXICO,INACTIVE,HWY 17 / NORTH SIDE,"FORT DAVIS, TX 79734",32029686576,00001,09/01/1997,09/26/1997
POCO MEXICO,ACTIVE,43371 STATE HIGHWAY 17,"FORT DAVIS, TX 79734",32007515805,00001,04/01/1983,
POCO MEXICO DE NOCHE,INACTIVE,2 MILES N OF FT DAVIS ON HWY 17,"FORT DAVIS, TX 79734",32007317483,00001,07/21/1995,12/31/1998
POISSENOT PRODUCTIONS,INACTIVE,400 W WALNUT AVE,"FORT DAVIS, TX 79734",32006502663,00004,04/01/2002,12/25/2018
POP'S GRILL,INACTIVE,HWY 118 NORTH,"FORT DAVIS, TX 79734",32009215032,00004,12/02/1994,09/30/1995
POP'S GRILL & PIZZA LLC,INACTIVE,NORTH HWY 17,"FORT DAVIS, TX 79734",17527764892,00001,07/01/1998,01/10/2008
POPS GRILL,INACTIVE,43424 STATE HIGHWAY 17,"FORT DAVIS, TX 79734",32017826259,00001,02/01/2006,03/31/2008
POPS GRILL,INACTIVE,HWY 118 NORTH,"FORT DAVIS, TX 79734",32030784956,00001,09/15/1995,08/01/1998
PORTER'S THRIFTWAY,INACTIVE,712 N STATE ST,"FORT DAVIS, TX 79734",12010833395,00011,02/01/2023,02/01/2024
PORTER'S THRIFTWAY-FORT DAVIS,INACTIVE,1600 N STATE ST,"FORT DAVIS, TX 79734",12010833395,00004,02/28/2008,02/01/2024
PORTERS PLACE.COM,INACTIVE,205 E CIRCLE D AVE,"FORT DAVIS, TX 79734",32008789458,00001,10/21/2002,09/29/2003
POSSIBILITIES,ACTIVE,407 GARRISON AVE,"FORT DAVIS, TX 79734",32008347059,00002,01/14/2013,
POSSIBILITIES,INACTIVE,LOT 8 BLOCK 10 HWY 17,"FORT DAVIS, TX 79734",32008347059,00001,11/01/1989,01/14/2014
PRIMOS GROCERY,INACTIVE,1 MI E CT HOUSE ON S SIDE HWY 118,"FORT DAVIS, TX 79734",32008353263,00001,07/03/1970,06/01/2010
PRUDE RANCH INC,ACTIVE,5 MILES N OF JUNCTION OF HWY 118 AND 17,"FORT DAVIS, TX 79734",17510154010,00007,12/31/1985,
PRUDE RANCH INC,INACTIVE,5 MILES N OF JCT ON HIGHWAYS 118 & 17,"FORT DAVIS, TX 79734",17510154010,00001,09/01/1961,12/25/1985
QUARTER MOON,INACTIVE,42755 STATE HIGHWAY 118,"FORT DAVIS, TX 79734",32048418639,00001,07/22/2012,07/22/2012
R & C ENTERPRISES,ACTIVE,801 S FRONT ST,"FORT DAVIS, TX 79734",32007682662,00002,01/01/2004,
R & C ENTERPRISES,INACTIVE,379 WEBSTER,"FORT DAVIS, TX 79734",32007682662,00001,06/01/1991,12/31/2003
RAFTER J CONSTRUCTION,INACTIVE,412 SQUAW VALLEY TRL,"FORT DAVIS, TX 79734",32075095722,00001,07/20/2020,03/31/2022
RAISING LEGENDS CO.,INACTIVE,425 SAN JUAN,"FORT DAVIS, TX 79734",32090651848,00001,07/01/2023,09/30/2024
RANCHCHECK,INACTIVE,955 S BARREL SPGS,"FORT DAVIS, TX 79734",32053670272,00001,06/01/2014,09/30/2019
RANDY GLOVER ARTISAN,ACTIVE,42640 STATE HIGHWAY 118,"FORT DAVIS, TX 79734",32015145116,00004,10/01/2014,
RAULS BAR-B-QUE,INACTIVE,E SIDE HWY 118 & 17,"FORT DAVIS, TX 79734",32023655296,00002,01/01/1978,03/31/2000
RDB ENTERPRISES,INACTIVE,HIGHWAY 17 NORTH,"FORT DAVIS, TX 79734",32031338448,00001,04/15/1993,03/31/1999
REBLOOM DESIGNS,INACTIVE,200 NORTH BUCKEYE,"FORT DAVIS, TX 79734",32008050737,00002,01/01/1998,12/31/2005
RED DOOR ANTIQUES,INACTIVE,TOWNSITE,"FORT DAVIS, TX 79734",32006594827,00004,08/01/1984,04/30/1987
REDBLOOM DESIGNS,INACTIVE,109 N BUCKEYE,"FORT DAVIS, TX 79734",32008050737,00003,01/01/2006,12/31/2017
REESE FINE ART,INACTIVE,100 CACTUS DR,"FORT DAVIS, TX 79734",32065259775,00001,01/01/2024,12/31/2024
REGENIA D FREASIER,INACTIVE,502 FRONT ST,"FORT DAVIS, TX 79734",32007443701,00002,01/01/2004,12/31/2004
RHEA BACKHOE SERVICE,INACTIVE,HC 74 BOX 130-A,"FORT DAVIS, TX 79734",32009039309,00002,07/01/1987,12/31/2002
RICHARD REESE AND DEBBIE REESE,INACTIVE,100 CACTUS DR,"FORT DAVIS, TX 79734",32065257993,00002,03/01/2023,12/31/2023
RIVER MICROSTUDIES,INACTIVE,209 CIRCLE C AVE,"FORT DAVIS, TX 79734",30010537212,00001,09/15/1987,12/31/2006
RJ'S SERVICES,INACTIVE,114 CLEARVIEW,"FORT DAVIS, TX 79734",32010004284,00001,04/01/2002,12/31/2004
RNR BBQ LLC,ACTIVE,1902 STATE HIGHWAY 17,"FORT DAVIS, TX 79734",32085408360,00001,11/11/2022,
ROADRUNNER LANDSCAPING,INACTIVE,104 N 6TH ST,"FORT DAVIS, TX 79734",32015940649,00002,04/01/2007,05/31/2017
ROADRUNNER LANDSCAPING,INACTIVE,HWY 166 LARGENT RANCH ROAD,"FORT DAVIS, TX 79734",32015940649,00001,10/01/2004,03/31/2007
ROADRUNNER NURSERY,INACTIVE,1200 CEMETARY RD,"FORT DAVIS, TX 79734",32015940649,00003,04/24/2013,05/31/2017
ROBERT KINSELL ARTIST,INACTIVE,204 DOVE LN,"FORT DAVIS, TX 79734",32006113560,00002,09/30/2019,12/25/2021
ROCK POINT CONSTRUCTION INC,INACTIVE,735 N FRONT ST,"FORT DAVIS, TX 79734",32033927891,00001,01/01/2008,03/31/2008
ROCK POINT CONSTRUCTION INC,INACTIVE,735 S FRONT ST,"FORT DAVIS, TX 79734",32033927891,00003,04/01/2008,03/30/2011
ROCK TANK TRADING COMPANY,INACTIVE,HWY 118 1 MI S OF CTY COURT HOUSE,"FORT DAVIS, TX 79734",32026112386,00003,06/10/1994,07/01/1995
ROD'S SNACK BAR,INACTIVE,HWY 17/118 N ACROSS FT DAVIS HIST SITE,"FORT DAVIS, TX 79734",32031300737,00001,06/01/1984,09/30/1985
RODNEY CANTWELL,INACTIVE,R8 CARLIN ADDITION,"FORT DAVIS, TX 79734",32031625117,00001,05/01/1994,12/25/2000
RODNEY'S PHAT BURGER,INACTIVE,1200  N STATE STREET,"FORT DAVIS, TX 79734",32004421056,00003,02/03/2005,08/01/2007
ROGERS ELECTRIC SERVICE,INACTIVE,CORNER FRONT & URQUHART,"FORT DAVIS, TX 79734",32024307558,00002,10/01/1975,03/31/1980
RONDEL AVIATION,INACTIVE,406 COLLEEN CANYON TRL,"FORT DAVIS, TX 79734",17226833543,00002,10/01/2006,06/30/2016
"ROY HURLEY, LLC",INACTIVE,42378 STATE HIGHWAY 118,"FORT DAVIS, TX 79734",32049820809,00001,01/01/2013,12/31/2020
RUBEN P SILVAS,INACTIVE,2201 N STATE ST STE B,"FORT DAVIS, TX 79734",32023662532,00004,06/01/2019,07/09/2021
S S SAVAGE,INACTIVE,HIGHWAY 118 N,"FORT DAVIS, TX 79734",32025825111,00002,01/03/1994,12/31/1997
S S SAVAGE SOUTHWESTERN ARTS,INACTIVE,#5 DOLORES MOUNTAIN TR,"FORT DAVIS, TX 79734",32030277407,00002,07/01/1999,12/31/1999
SAJJ PRESS,INACTIVE,4TH ST/BLUE ROOF HOUSE,"FORT DAVIS, TX 79734",32008082011,00003,10/01/1999,10/01/1999
SANDIE'S & TOI'S,ACTIVE,501 STATE ST,"FORT DAVIS, TX 79734",17426564112,00002,06/01/2019,
SCHEEVEL ENTERPRISES,INACTIVE,43425 STATE HIGHWAY 17,"FORT DAVIS, TX 79734",32067698079,00001,10/01/2018,03/31/2020
SCUDDAY BUILDERS INC,INACTIVE,1/4 MI NORTH ON HWY 17,"FORT DAVIS, TX 79734",30007109256,00001,04/17/1983,12/25/1985
SEASONS,INACTIVE,113 N STATE ST,"FORT DAVIS, TX 79734",32006845732,00003,01/01/2003,01/31/2004
SEASONS,INACTIVE,605 N STATE STREET,"FORT DAVIS, TX 79734",32006845732,00002,11/01/2001,12/31/2002
SEASONS,INACTIVE,201 STATE STREET,"FORT DAVIS, TX 79734",32006845732,00001,03/01/2001,10/31/2001
SECRETS,INACTIVE,MAIN STREET,"FORT DAVIS, TX 79734",32008993688,00006,10/10/1989,12/20/1991
SHELLEY'S PASTIME,INACTIVE,400 N STATE ST,"FORT DAVIS, TX 79734",32063237609,00001,04/01/2017,09/30/2018
SHINEY PONY TRACKS,INACTIVE,206 EMORY OAK ST,"FORT DAVIS, TX 79734",32013183358,00002,01/01/2016,01/01/2017
"SHL, LTD.",INACTIVE,CALDWELL RANCH ROAD,"FORT DAVIS, TX 79734",32036488040,00001,01/01/2012,02/13/2012
SIDEWINDER TRADING POST,INACTIVE,HWY 118,"FORT DAVIS, TX 79734",32029577619,00002,07/29/1999,01/31/2000
SIMPLE PLEASURES ECT,INACTIVE,744 S FRONT ST,"FORT DAVIS, TX 79734",32026868995,00005,08/15/2016,01/01/2017
SIMPLE PLEASURES ETC,INACTIVE,MAIN ST 1 BLK N OF COURTHOUSE,"FORT DAVIS, TX 79734",32026868995,00002,10/01/1989,12/25/2000
SKY ISLAND COLORWORKS,ACTIVE,506 LIMPIA CANYON TRL,"FORT DAVIS, TX 79734",32006830346,00005,08/01/2019,
SKY ISLAND TAPROOM,INACTIVE,201 N STATE ST,"FORT DAVIS, TX 79734",32093389784,00001,03/24/2024,05/31/2025
SKY ISLAND TAPROOM,ACTIVE,109 N STATE ST,"FORT DAVIS, TX 79734",32093389784,00002,06/01/2025,
SLEEPING LION,INACTIVE,S OLD FORT DAVIS ON HWY #17,"FORT DAVIS, TX 79734",32031701975,00001,02/24/1978,07/01/1995
SLEEPING LION,ACTIVE,STATE STREET & 6TH,"FORT DAVIS, TX 79734",32007019246,00001,01/01/2003,
SMOKE SIGNAL PUBLISHING CO,INACTIVE,PO BOX 264,"FORT DAVIS, TX 79734",32008419403,00002,10/01/1979,01/01/2003
SMOKIN D'S PIT BAR-BQ & MORE,INACTIVE,1902 STATE STREET,"FORT DAVIS, TX 79734",32018091739,00001,04/16/2005,09/30/2005
SOFTWARE BISQUE,INACTIVE,PRUDE RANCH/HWY 118,"FORT DAVIS, TX 79734",32031794079,00001,05/17/1993,12/31/1998
SOLAMOTOR,INACTIVE,HC 74 BOX 117,"FORT DAVIS, TX 79734",14215834145,00001,02/01/2003,12/31/2007
SOLAMOTOR MARKETING DISTRIBUTION AND SALES,INACTIVE,NASH HOUSE FIRST STREET,"FORT DAVIS, TX 79734",32009133672,00001,11/10/1997,12/31/2004
SOLAMOTOR OF TEXAS,ACTIVE,HARVARD STATION SPROUL RD,"FORT DAVIS, TX 79734",17524792359,00001,01/01/1993,
SOLAR MOTOR,INACTIVE,HWY 17S,"FORT DAVIS, TX 79734",32014391893,00005,11/15/1989,12/25/2000
SOMEWHERE OVER THE RAINBOW,INACTIVE,603 B N STATE ST,"FORT DAVIS, TX 79734",32076406670,00001,04/15/2021,04/30/2025
SOUTHWIND GALLERY,INACTIVE,102 RIDGE LINE DR,"FORT DAVIS, TX 79734",32010219981,00005,01/01/2008,03/13/2014
SOUTHWIND GALLERY,INACTIVE,102 RIDGELINE DR,"FORT DAVIS, TX 79734",32010219981,00004,01/01/2007,12/31/2007
SOUTHWIND GALLERY,INACTIVE,HIGHWAY 118,"FORT DAVIS, TX 79734",32010219981,00003,10/01/1995,12/31/2006
SOUTHWINDS GALLERY,INACTIVE,CORNER OF OLDS CREEK AND RIDGELINE,"FORT DAVIS, TX 79734",32010219981,00002,07/01/1994,03/31/1996
SPACECAT DESIGNS,INACTIVE,106 ARROWHEAD,"FORT DAVIS, TX 79734",15223764414,00001,10/01/2002,12/31/2008
SPENCER CONSTRUCTION AND AIR CONDITIONING,INACTIVE,100 ARROWHEAD PASS,"FORT DAVIS, TX 79734",32007653796,00002,02/01/2002,06/30/2004
ST GALL MERCANTILE,ACTIVE,403 N STATE ST,"FORT DAVIS, TX 79734",32053120757,00002,07/01/2015,
STAGE WEST CHEVRON,INACTIVE,7TH STATE ST,"FORT DAVIS, TX 79734",32009584403,00003,04/01/1984,09/30/1986
STARWORKS,INACTIVE,S HWY 118 R ON 1837 3 MILES TO GATE,"FORT DAVIS, TX 79734",32021521094,00003,12/24/1999,12/25/1999
STICKS-N-STONES,INACTIVE,502 N STATE ST,"FORT DAVIS, TX 79734",32007011664,00003,07/01/2020,07/20/2022
STOCK OPTIONS/STOCK STUDIOS,INACTIVE,400 W WALNUT AVE,"FORT DAVIS, TX 79734",32009924948,00003,07/01/2001,12/25/2009
STONE VILLAGE ENTERPRISES,INACTIVE,509 N STATE ST,"FORT DAVIS, TX 79734",32060585190,00001,04/01/2017,03/31/2018
STONE VILLAGE GROCERY,INACTIVE,401 STATE ST,"FORT DAVIS, TX 79734",17416805202,00002,07/01/2002,05/31/2008
STONE VILLAGE GROCERY,INACTIVE,HWY 17,"FORT DAVIS, TX 79734",17416805202,00001,03/01/1971,06/30/2002
STONE VILLAGE MARKET,INACTIVE,507 STATE ST,"FORT DAVIS, TX 79734",17525945089,00005,04/14/2009,11/13/2011
STONE VILLAGE MARKET,ACTIVE,507 N STATE ST,"FORT DAVIS, TX 79734",32060585190,00002,04/01/2018,
STONE VILLAGE MARKET,INACTIVE,507 STATE ST,"FORT DAVIS, TX 79734",32045322263,00001,11/14/2011,03/31/2017
STONE VILLAGE MOTEL,INACTIVE,1/2 MI N OF COURTHOUSE,"FORT DAVIS, TX 79734",32010085689,00002,07/01/1997,09/30/2006
STUDIO FIVE-O-ONE,INACTIVE,744 S FRONT ST,"FORT DAVIS, TX 79734",32017606644,00002,01/01/2014,12/25/2018
STUDIO FIVE-O-ONE,INACTIVE,744 S FRONT ST,"FORT DAVIS, TX 79734",32042131956,00001,07/01/2010,09/30/2010
STUDIO 501,ACTIVE,744 S FRONT STREET,"FORT DAVIS, TX 79734",32008445192,00004,09/15/2008,
SUBWAY SANDWICH SHOP,INACTIVE,HWY 118,"FORT DAVIS, TX 79734",17426297846,00005,08/25/1995,03/31/1998
SUGARPLUM BAKESHOP,INACTIVE,60 EVERETT RANCH RD,"FORT DAVIS, TX 79734",32024838347,00002,01/15/2017,12/31/2018
SUNRISE BAKERY,INACTIVE,411 NORTH STATE STREET,"FORT DAVIS, TX 79734",32008789458,00002,11/21/2003,01/01/2005
SUNSET ENTERPRISES,INACTIVE,403 SGT MULHERN LOOP,"FORT DAVIS, TX 79734",32020072933,00001,08/01/2006,12/31/2015
SUPERDAVES SPORTSCARDS AND MORE,ACTIVE,640 BLUE MOUNTAIN TRL,"FORT DAVIS, TX 79734",32072119434,00001,10/01/2019,
SUTLER'S BOARDING HOUSE,INACTIVE,HWY 118,"FORT DAVIS, TX 79734",32032170592,00001,04/17/1988,03/14/1991
SUTLER'S BOARDING HOUSE & SUTLERS STORE,INACTIVE,TX HIWAY 17,"FORT DAVIS, TX 79734",32017714364,00002,02/13/1983,05/31/1987
SUTLER'S BRASS BOOT,INACTIVE,MAIN STREET,"FORT DAVIS, TX 79734",32008993688,00003,04/01/1988,04/30/2010
SUTLER'S LIMPIA HOTEL,INACTIVE,TOWN SQUARE,"FORT DAVIS, TX 79734",32017714364,00001,02/13/1983,05/31/1987
SUTLER'S LIMPIA HOTEL,INACTIVE,MAIN STREET,"FORT DAVIS, TX 79734",32030077914,00001,07/21/1978,07/21/1978
SWEET AND SAVORY,INACTIVE,610 N STATE ST,"FORT DAVIS, TX 79734",32063986718,00001,06/29/2017,12/16/2017
T DESIGNS,INACTIVE,307 STATE ST,"FORT DAVIS, TX 79734",32019431777,00002,01/01/2010,12/25/2010
T DESIGNS,INACTIVE,16120 STATE HIGHWAY SPUR 78 # H12,"FORT DAVIS, TX 79734",32019431777,00001,04/04/2006,12/31/2009
T J COUNTRY BURGERS,INACTIVE,HWY 118 NORTH,"FORT DAVIS, TX 79734",30115468974,00001,07/01/1993,09/11/1994
T J'S COUNTRY,INACTIVE,FORT DAVIS HWY,"FORT DAVIS, TX 79734",17523471112,00004,06/01/1992,08/01/1992
T J'S COUNTRY BURGER,INACTIVE,,"FORT DAVIS, TX 79734",17523471112,00008,09/01/1994,01/01/1995
"TASTE N SEE 100 PLATES +, LLC",ACTIVE,105 APACHE MOUNTAIN TRL,"FORT DAVIS, TX 79734",32093225822,00001,01/17/2024,
TBM,INACTIVE,1200 FRONT STREET,"FORT DAVIS, TX 79734",30114443390,00001,08/05/1991,12/31/1992
TEMPEST PHOTOGRAPHY,INACTIVE,200 STATE ST SOUTH,"FORT DAVIS, TX 79734",32013983369,00002,04/01/2004,12/31/2005
TERRELL O'BRIEN,INACTIVE,300 W COURT AVE,"FORT DAVIS, TX 79734",32026277346,00004,08/22/2019,12/31/2021
"TEXAS ARIES MANAGEMENT SERVICES, INC",INACTIVE,112 CRAZY HORSE TRL,"FORT DAVIS, TX 79734",32036734740,00001,04/10/2008,12/31/2011
TEXAS ARTISTS GROUP,INACTIVE,#1 MAIN ST,"FORT DAVIS, TX 79734",30005834848,00002,01/01/1982,12/31/1986
TEXAS BRAND HOME COOKIN',INACTIVE,1300 N STATE ST,"FORT DAVIS, TX 79734",32032848353,00002,03/05/2011,03/31/2011
TEXAS COFFEE ROASTERS LLC,INACTIVE,211 N STATE ST,"FORT DAVIS, TX 79734",32074262331,00001,06/01/2020,04/01/2021
TEXAS COWBOY OUTFITTERS,INACTIVE,200 MADRONE,"FORT DAVIS, TX 79734",32008045554,00002,01/01/2003,07/01/2025
TEXAS COWBOY OUTFITTERS,INACTIVE,HWY 17,"FORT DAVIS, TX 79734",32008045554,00001,03/01/1998,12/31/2002
TEXAS HORSEBACK ADVENTURES LLC,INACTIVE,701 WEST WOODWARD AVE,"FORT DAVIS, TX 79734",32023466850,00002,07/01/2008,06/30/2010
"TEXAS HORSEBACK ADVENTURES, LLC",INACTIVE,105 MAJOR BLISS,"FORT DAVIS, TX 79734",32023466850,00003,01/01/2011,10/31/2022
TEXAS MINES VENTURE,INACTIVE,1508 SPROUL RD,"FORT DAVIS, TX 79734",32028676123,00001,04/18/2007,12/31/2009
TEXAS MOUNTAIN CANDLE CO.,INACTIVE,420 N STATE ST,"FORT DAVIS, TX 79734",32014822145,00002,04/01/2004,08/31/2004
TEXAS OUT WEST,INACTIVE,738 HWY 17,"FORT DAVIS, TX 79734",32010146788,00003,01/01/2002,12/25/2005
TEXAS SPIRIT,INACTIVE,601 NORTH STATE STREET,"FORT DAVIS, TX 79734",32015541025,00001,08/10/2004,07/31/2005
TEXAS TANGLED THREADS,ACTIVE,42645 STATE HIGHWAY 118,"FORT DAVIS, TX 79734",32004843192,00004,11/25/2011,
THE ARIZONA DATABASE,INACTIVE,PRUDE RANCH,"FORT DAVIS, TX 79734",18606561886,00001,05/08/1994,06/30/1994
THE AWAKENING PLACE,INACTIVE,103 E CAVALRY RD,"FORT DAVIS, TX 79734",32018219421,00005,11/20/2005,12/25/2006
"THE BIG BEND FUNGI COMPANY, LLC.",ACTIVE,300 CATCLAW,"FORT DAVIS, TX 79734",32084255812,00001,07/01/2022,
THE BODY SHOP,INACTIVE,307 STATE ST HWY 17 S,"FORT DAVIS, TX 79734",32006537370,00001,07/01/2002,12/31/2006
THE BOOK KEEPER,INACTIVE,105 SOUTH DEER RIDGE,"FORT DAVIS, TX 79734",32006812856,00003,01/01/2001,06/30/2009
THE BOOK KEEPER,INACTIVE,105 SOUTH DEER RIDGE,"FORT DAVIS, TX 79734",32006812856,00001,10/01/1994,09/30/2000
THE BRASS BOOT,INACTIVE,HWY 17,"FORT DAVIS, TX 79734",32026137722,00001,04/24/1990,09/11/1992
THE CERTIFIED RV TECHS OF WEST TEXAS LLC,ACTIVE,104 YELLOW KNIFE TRL,"FORT DAVIS, TX 79734",32085592965,00001,01/01/2023,
THE CHUCK WAGON,INACTIVE,1300 N STATE ST,"FORT DAVIS, TX 79734",32034172828,00002,03/01/2008,12/31/2008
THE CHUCK WAGON,INACTIVE,1300 N STATE ST,"FORT DAVIS, TX 79734",32015820213,00002,01/01/2009,11/07/2010
THE CHUCK WAGON,INACTIVE,1300 STATE ST N,"FORT DAVIS, TX 79734",32034172828,00001,01/01/2008,02/29/2008
THE COLONEL'S LADY,INACTIVE,THE FARRIER HOUSE ON MAIN ST,"FORT DAVIS, TX 79734",32027774242,00002,06/01/1996,12/25/1998
THE CONSTRUCTION CORPORATION,INACTIVE,NO 33 SIX SHOOTER GULCH,"FORT DAVIS, TX 79734",17526344621,00002,03/01/1996,12/31/2006
THE COPPER KETTLE GIFT SHOP,INACTIVE,HWY 166,"FORT DAVIS, TX 79734",32032559844,00001,05/01/1994,09/30/1994
THE DESERT RAVEN,INACTIVE,502 N STATE ST STE D,"FORT DAVIS, TX 79734",32008233929,00008,04/01/2018,12/31/2019
THE DRY BEAN,INACTIVE,201 FRONT STREET,"FORT DAVIS, TX 79734",32006034949,00002,04/28/2001,04/15/2004
THE EDWARD LYNN CORPORATION,ACTIVE,106 HIGH LONESOME TRL,"FORT DAVIS, TX 79734",17527800837,00001,10/15/2021,
THE FORT DAVIS FLOWER SHOP,INACTIVE,309 STATE ST/HWY 118,"FORT DAVIS, TX 79734",32015472445,00002,09/03/2004,11/11/2004
THE HAIR AFFAIR,INACTIVE,109 STATE ST #3,"FORT DAVIS, TX 79734",32017606644,00001,07/04/2005,12/31/2013
THE HAIR STUDIO,INACTIVE,RED ROCK BUILDING HWY 17 NORTH,"FORT DAVIS, TX 79734",32029742577,00002,09/15/1992,01/01/1998
THE HOTEL LIMPIA,ACTIVE,101 MEMORIAL SQ,"FORT DAVIS, TX 79734",32062206548,00001,01/17/2017,
THE HOTEL LIMPIA - BLUE MOUNTAIN BISTRO,ACTIVE,108 N STATE ST INCLUDING 101 MEMORIAL SQ,"FORT DAVIS, TX 79734",32093301987,00001,03/01/2024,
THE HOTEL LIMPIA AND DINING ROOM,INACTIVE,100 MAIN STREET,"FORT DAVIS, TX 79734",17525945089,00001,03/01/1995,10/31/2011
THE LASH-UP,INACTIVE,HWY 118 & HWY 17,"FORT DAVIS, TX 79734",30003532717,00001,04/01/1978,12/31/1988
THE NATURE CONSERVANCY,INACTIVE,205 STATE ST,"FORT DAVIS, TX 79734",15302426521,00009,12/01/2004,12/31/2008
THE NEILL MUSEUM,INACTIVE,COURT AND 7TH STREET,"FORT DAVIS, TX 79734",32007883336,00001,10/02/1984,10/31/2004
THE OUTDOORSMAN,INACTIVE,HWY 17/118 N ACROSS FT DAVIS HIST SITE,"FORT DAVIS, TX 79734",32031300737,00002,12/18/1985,12/31/1995
THE OVERLAND NETWORK,INACTIVE,S HWY 17 N STATE STREET,"FORT DAVIS, TX 79734",17527719300,00004,01/01/2002,04/30/2003
THE PRICKLY PATCH,ACTIVE,502 N STATE ST,"FORT DAVIS, TX 79734",32047475366,00002,06/01/2023,
THE PUNCHY COWPONY,INACTIVE,428 HUGHES RD,"FORT DAVIS, TX 79734",32039582138,00002,01/01/2012,04/19/2013
THE RENDEZVOUS,ACTIVE,105 2ND ST,"FORT DAVIS, TX 79734",32036643487,00005,12/10/2024,
THE SECRET PLACE,INACTIVE,603B STATE ST,"FORT DAVIS, TX 79734",32024152491,00002,04/01/2007,12/31/2007
THE SHERLOCK HOLMES OUTPOST,INACTIVE,201 N FRONT ST,"FORT DAVIS, TX 79734",32020865534,00001,02/23/2006,02/23/2006
THE SHERLOCK HOLMES OUTPOST,INACTIVE,201 N FRONT ST,"FORT DAVIS, TX 79734",12013243741,00001,01/01/2005,02/23/2006
THE STARR EMPORIUM,INACTIVE,209 A STATE ST,"FORT DAVIS, TX 79734",32010623414,00002,10/01/2004,06/15/2006
THE STARR EMPORIUM,INACTIVE,200 STATE STREET,"FORT DAVIS, TX 79734",32010623414,00001,05/28/1999,09/30/2004
THE THOMPSON PARTNERSHIP,INACTIVE,5 MILES N OF JCT ON HWY 118 & 17,"FORT DAVIS, TX 79734",32011343707,00001,05/31/2003,05/31/2003
THE TOMATO BARN,INACTIVE,2 MI S ON HWY 17 THEN 11 MI ON HWY 166,"FORT DAVIS, TX 79734",32021301661,00001,12/05/1996,12/31/1998
THE WATERHOLE,INACTIVE,N COURTHOUSE E SI HWY 118,"FORT DAVIS, TX 79734",32007340436,00001,03/17/1975,09/01/1976
THE WHISTLE STOP,INACTIVE,400 SQUAW VALLEY TRL,"FORT DAVIS, TX 79734",32044562158,00001,09/16/2011,12/31/2013
THE WORLD ACCORDING TO EL BLANCO,INACTIVE,403 S AGAVE ST UNIT A,"FORT DAVIS, TX 79734",32056350864,00001,02/12/2015,12/25/2017
TIO'S TAKE OUT,INACTIVE,610 STATE ST,"FORT DAVIS, TX 79734",32019938110,00001,07/01/2006,09/30/2007
TIPPY TOP SHOP,INACTIVE,502 N STATE ST STE F,"FORT DAVIS, TX 79734",32063935814,00002,06/07/2017,12/31/2017
TJ SERVICES,INACTIVE,113 N STATE ST,"FORT DAVIS, TX 79734",32009583447,00002,01/01/2012,12/31/2015
TJ'S BREAKFAST STOP,INACTIVE,HWY 118,"FORT DAVIS, TX 79734",17523471112,00005,09/01/1992,03/01/1993
TJ'S COUNTRY BURGER,INACTIVE,HWY 118,"FORT DAVIS, TX 79734",17523471112,00001,03/01/1990,06/30/1993
TOBY J SKRODER,INACTIVE,112 GUN CLB,"FORT DAVIS, TX 79734",32006183779,00001,10/30/1999,12/25/2011
TODD JAGGER PHOTOGRAPHER,ACTIVE,102 W 6TH ST,"FORT DAVIS, TX 79734",32008070073,00009,06/01/2022,
TODD JAGGER PHOTOGRAPHER,ACTIVE,41336 STATE HIGHWAY 118,"FORT DAVIS, TX 79734",32008070073,00008,06/01/2022,
TOMMY'S SEA FOOD HOUSE,INACTIVE,12B N MAIN ST,"FORT DAVIS, TX 79734",32007317483,00002,02/04/1998,11/01/2003
TRA LE STELLE,INACTIVE,12 MAIN STREET,"FORT DAVIS, TX 79734",17527039899,00001,06/01/1997,08/15/1997
TRAIL RIDERS OF THE DAFVIS MOUNTAINS,INACTIVE,6 MILES NORTH ON HIGHWAY 118,"FORT DAVIS, TX 79734",32023343513,00001,08/29/1997,01/01/2000
TRANS-MOUNTAIN EQUIPMENT CO INC,INACTIVE,HWY 118 & HWY 17,"FORT DAVIS, TX 79734",17417212176,00001,07/01/1972,04/30/1991
TRANS-PECOS BIRD CONSERVATION,ACTIVE,402 OLDS CREEK DR,"FORT DAVIS, TX 79734",32069410663,00001,07/01/2021,
TREASURES & BLING,INACTIVE,601 N STATE ST,"FORT DAVIS, TX 79734",32044639030,00001,08/01/2011,06/26/2012
TREE HOUSE ANTIQUES,ACTIVE,501 MUSQUIZ DR,"FORT DAVIS, TX 79734",32102185447,00001,09/25/2025,
TRIPLE T BAIT AND TACKLE COMPANY,INACTIVE,102 TEJAS RUN,"FORT DAVIS, TX 79734",32024800115,00003,02/01/1997,03/31/1998
TROY'S PLACE,INACTIVE,HWY 118 SOUTH,"FORT DAVIS, TX 79734",32031947941,00002,08/01/1996,08/01/1996
TROY'S PLACE,INACTIVE,HWY 118 AND CEMETARY RD,"FORT DAVIS, TX 79734",32031947941,00001,11/01/1994,09/30/1995
TUMIKES,INACTIVE,NORTH HWY 17,"FORT DAVIS, TX 79734",32009215032,00002,06/01/1992,12/31/1993
TWEI,INACTIVE,600 COURT ST,"FORT DAVIS, TX 79734",18503055834,00002,10/01/1993,12/31/2004
TWIN SOULS STUDIO COFFEE HOUSE & GALLERY,INACTIVE,209 NORTH STATE ST,"FORT DAVIS, TX 79734",32020018068,00001,06/23/2006,01/31/2008
TWO MOMS,INACTIVE,1145 COURT AVE,"FORT DAVIS, TX 79734",32012598085,00001,09/16/2003,10/01/2004
UNCLE BUCK'S LIQUOR BARN,INACTIVE,604 STATE ST,"FORT DAVIS, TX 79734",32019700627,00002,07/15/2007,10/31/2008
UNCLE BUCK'S LIQUOR BARN,INACTIVE,604 NORTH STATE ST,"FORT DAVIS, TX 79734",32038463835,00002,01/01/2009,02/20/2018
UNCLE BUCK'S LIQUOR BARN,INACTIVE,604 NORTH STATE STREET,"FORT DAVIS, TX 79734",32005548402,00004,11/01/2008,02/28/2009
UNCLE BUCK'S QUICK STOP,INACTIVE,606 NORTH STATE STREET,"FORT DAVIS, TX 79734",32005548402,00003,11/01/2008,02/28/2009
UNCLE BUCKS QUICK STOP,INACTIVE,606 NORTH STATE STREET,"FORT DAVIS, TX 79734",32038463835,00001,01/01/2009,02/20/2018
UNCLE BUCKS QUICK STOP,INACTIVE,606 N STATE STREET,"FORT DAVIS, TX 79734",32019700627,00001,06/01/2006,10/31/2008
UNION TRADING COMPANY,INACTIVE,COURT AVE AND LIMPIA STREET,"FORT DAVIS, TX 79734",30006456831,00001,04/16/1983,08/31/1988
VERANDA ANTIQUES,INACTIVE,COURT AND SECOND STREETS,"FORT DAVIS, TX 79734",32021011682,00001,06/01/1994,12/25/1999
VIBES,INACTIVE,DAVIS MT RESORT SQUAW VALLEY ROAD,"FORT DAVIS, TX 79734",32030736923,00001,08/01/1997,03/31/1998
VICTORIO'S,INACTIVE,2 ND STREET,"FORT DAVIS, TX 79734",32025825111,00001,06/17/1993,01/02/1994
VIZCAINO DEPT STORE,INACTIVE,STATE ST,"FORT DAVIS, TX 79734",17411611555,00003,03/24/1986,04/30/1987
W DOGS,INACTIVE,133 N LARGENT RANCH RD,"FORT DAVIS, TX 79734",32085296294,00001,07/15/2022,12/31/2023
WANDERING TRAIL CATTLE COMPANY,INACTIVE,102 CEDAR TRL,"FORT DAVIS, TX 79734",32008137419,00004,04/01/2013,11/19/2013
WARD'S BUILDING SERVICE & REPAIR,INACTIVE,1 BLK SO OF OVERLAND MUSEUM,"FORT DAVIS, TX 79734",32016658349,00001,01/01/1981,12/31/1984
WAYSIDE ANTIQUES,INACTIVE,400 WEST 4TH STREET,"FORT DAVIS, TX 79734",32016658349,00008,10/01/2004,12/31/2004
WAYSIDE INN,INACTIVE,400 WEST FOURTH STREET,"FORT DAVIS, TX 79734",32016658349,00003,04/21/1989,08/10/1989
WAYSIDE INN BED & BREAKFAST,INACTIVE,400 WEST FOURTH ST,"FORT DAVIS, TX 79734",32016658349,00007,01/01/1999,12/25/1999
WAYSIDE INN BED & BREAKFAST,INACTIVE,406 WEST FOURTH ST,"FORT DAVIS, TX 79734",32016658349,00005,01/01/1993,12/31/1998
WAYSIDE UNCTION JUNK-SHUN ETC,INACTIVE,STATE HIGHWAYS 17 & 118 NORTH,"FORT DAVIS, TX 79734",32016658349,00004,07/01/1990,12/31/1992
WEST TEXAS CARPET SALES,INACTIVE,NORTH HWY 17,"FORT DAVIS, TX 79734",32023774204,00001,06/14/1978,12/31/1979
WEST TEXAS TREASURES,INACTIVE,600 N STATE ST,"FORT DAVIS, TX 79734",32014822145,00003,06/19/2010,07/01/2010
WEST TEXAS UTILITIES CO,INACTIVE,PO BOX 1434,"FORT DAVIS, TX 79734",17506467905,00040,09/01/1961,04/30/2002
WESTERN ART,INACTIVE,RT 1 BOX 53,"FORT DAVIS, TX 79734",32007340246,00002,04/01/1981,03/31/2016
WESTERN ART,ACTIVE,450 SMITH COFFEY RD,"FORT DAVIS, TX 79734",32007340246,00003,04/01/2016,
WHINY KAT RECORDS,INACTIVE,300 CAT CLAW,"FORT DAVIS, TX 79734",11418751803,00001,06/01/2003,02/29/2004
WHITE RHINO EMPORIUM,ACTIVE,502 N STATE ST,"FORT DAVIS, TX 79734",32062694461,00001,03/01/2017,
WILD HORSE,INACTIVE,HC 74 BOX 73,"FORT DAVIS, TX 79734",32005822427,00001,01/01/1998,10/15/2009
"WILD ROSE GALLERY, LLC",INACTIVE,301 E CAVALRY RD,"FORT DAVIS, TX 79734",32056074837,00001,02/20/2015,09/30/2024
WILD ROSE PASTRIES,INACTIVE,HWY 118,"FORT DAVIS, TX 79734",32029707299,00001,06/01/1996,01/31/1998
WILD WOOLIES,INACTIVE,506 LIMPIA CANYON TRL,"FORT DAVIS, TX 79734",32006830346,00004,06/01/2013,12/25/2016
WILLIAM HOLLEN,INACTIVE,200 MADRONE,"FORT DAVIS, TX 79734",32008890728,00001,06/01/1999,12/25/2006
WINDMILL MART,INACTIVE,MAIN STREET,"FORT DAVIS, TX 79734",32021288462,00001,07/01/1991,12/31/1996
WINIFRED GLENNA WILDEN,INACTIVE,HWY 17 SOUTH,"FORT DAVIS, TX 79734",32006110830,00001,01/01/2000,12/25/2003
WINNERS EDGE,INACTIVE,503 E CEMENTARY RD,"FORT DAVIS, TX 79734",32009977441,00002,01/01/2005,12/25/2007
WITH EASE,INACTIVE,#4 LIMPIA CREEK DRIVE,"FORT DAVIS, TX 79734",32018219421,00003,08/15/1996,12/31/1997
WM WOODWORKS,INACTIVE,106 BANDOLERO TRL,"FORT DAVIS, TX 79734",32066966550,00001,06/01/2018,12/31/2019
WOLFF'S,INACTIVE,MAIN STREET OF FORT DAVIS,"FORT DAVIS, TX 79734",32022135845,00001,11/01/1995,07/04/1996
X3 LAND & CATTLE CO,INACTIVE,SOUTH HWY 118,"FORT DAVIS, TX 79734",32025846497,00001,01/01/1998,10/31/1998
YANIS CHOICE,INACTIVE,300 BLACKBEAR DR,"FORT DAVIS, TX 79734",32049224705,00001,10/12/2012,11/30/2014
YATES LANDSCAPING & IRRIGATION,INACTIVE,410 COURT ST,"FORT DAVIS, TX 79734",32006384294,00003,10/10/2000,01/01/2002
YORK'S MARKETING,INACTIVE,SAWTOOTH MOUNTAIN RANCH,"FORT DAVIS, TX 79734",32021007433,00001,11/01/2006,12/30/2006
ZACHARY JOSEPH CLEANING CO.,INACTIVE,802 RATTLESNAKE LN,"FORT DAVIS, TX 79734",32084377616,00001,05/04/2022,
ZAJJ PRESS,INACTIVE,CATCLAW ST/BLUE ROOFED HOUSE,"FORT DAVIS, TX 79734",32008082011,00004,04/15/2000,12/31/2002
ZAJJ PRESS,INACTIVE,4TH STREET BLUE ROOF HOUSE,"FORT DAVIS, TX 79734",32008082011,00002,08/05/1999,09/30/1999
1020 WELDING AND CONSTRUCTION,INACTIVE,1 MILE SOUTH HWY 118,"FORT DAVIS, TX 79734",32009919765,00001,01/01/2001,01/01/2010
330 DOUGLAS DRIVE,ACTIVE,330 DOUGLAS DR,"FORT DAVIS, TX 79734",32087233808,00013,01/01/2023,
5050 SPIRITS LLC,ACTIVE,471 SHIELDS RD,"FORT DAVIS, TX 79734",32047684371,00002,10/01/2023,
5050 TRADING CO,ACTIVE,105 N STATE ST,"FORT DAVIS, TX 79734",32070523694,00003,05/01/2022,
7 COOL SISTERS,INACTIVE,702 S FRONT ST,"FORT DAVIS, TX 79734",32029209015,00001,09/22/2014,12/31/2016
